gfx,cu_num,M,N,K,libtype,kernelId,splitK,us,kernelName,tflops,bw,errRatio
gfx950,256,2,1024,6144,ck,7,0,15.463,a8w8_blockscale_bpreshuffle_1x128x128_256x16x64x256_16x16_16x16_16x16x1_16x16x1_1x16x1x16_4_1x1_intrawave_v1,1.63,407.93,0.0
gfx950,256,4,1024,6144,ck,7,0,15.3047,a8w8_blockscale_bpreshuffle_1x128x128_256x16x64x256_16x16_16x16_16x16x1_16x16x1_1x16x1x16_4_1x1_intrawave_v1,3.29,413.22,0.0
gfx950,256,6,1024,6144,ck,7,0,15.7361,a8w8_blockscale_bpreshuffle_1x128x128_256x16x64x256_16x16_16x16_16x16x1_16x16x1_1x16x1x16_4_1x1_intrawave_v1,4.8,402.93,0.0
gfx950,256,8,1024,6144,ck,7,0,15.6171,a8w8_blockscale_bpreshuffle_1x128x128_256x16x64x256_16x16_16x16_16x16x1_16x16x1_1x16x1x16_4_1x1_intrawave_v1,6.45,407.05,0.0
gfx950,256,12,1024,6144,ck,7,0,15.6083,a8w8_blockscale_bpreshuffle_1x128x128_256x16x64x256_16x16_16x16_16x16x1_16x16x1_1x16x1x16_4_1x1_intrawave_v1,9.67,409.38,0.0
gfx950,256,16,1024,6144,ck,7,0,15.2771,a8w8_blockscale_bpreshuffle_1x128x128_256x16x64x256_16x16_16x16_16x16x1_16x16x1_1x16x1x16_4_1x1_intrawave_v1,13.18,420.4,0.0
gfx950,256,18,1024,6144,ck,7,0,15.4639,a8w8_blockscale_bpreshuffle_1x128x128_256x16x64x256_16x16_16x16_16x16x1_16x16x1_1x16x1x16_4_1x1_intrawave_v1,14.65,416.38,0.0
gfx950,256,24,1024,6144,ck,7,0,15.6655,a8w8_blockscale_bpreshuffle_1x128x128_256x16x64x256_16x16_16x16_16x16x1_16x16x1_1x16x1x16_4_1x1_intrawave_v1,19.28,414.16,0.0
gfx950,256,32,1024,6144,ck,7,0,15.2231,a8w8_blockscale_bpreshuffle_1x128x128_256x16x64x256_16x16_16x16_16x16x1_16x16x1_1x16x1x16_4_1x1_intrawave_v1,26.45,430.5,0.0
gfx950,256,36,1024,6144,ck,7,0,15.3931,a8w8_blockscale_bpreshuffle_1x128x128_256x16x64x256_16x16_16x16_16x16x1_16x16x1_1x16x1x16_4_1x1_intrawave_v1,29.43,427.88,0.0
gfx950,256,40,1024,6144,ck,7,0,15.4218,a8w8_blockscale_bpreshuffle_1x128x128_256x16x64x256_16x16_16x16_16x16x1_16x16x1_1x16x1x16_4_1x1_intrawave_v1,32.64,429.21,0.0
gfx950,256,42,1024,6144,ck,7,0,15.3971,a8w8_blockscale_bpreshuffle_1x128x128_256x16x64x256_16x16_16x16_16x16x1_16x16x1_1x16x1x16_4_1x1_intrawave_v1,34.32,430.96,0.0
gfx950,256,48,1024,6144,ck,7,0,15.1667,a8w8_blockscale_bpreshuffle_1x128x128_256x16x64x256_16x16_16x16_16x16x1_16x16x1_1x16x1x16_4_1x1_intrawave_v1,39.82,440.75,0.0
gfx950,256,56,1024,6144,ck,7,0,15.2679,a8w8_blockscale_bpreshuffle_1x128x128_256x16x64x256_16x16_16x16_16x16x1_16x16x1_1x16x1x16_4_1x1_intrawave_v1,46.15,442.12,0.0
gfx950,256,60,1024,6144,ck,7,0,15.2251,a8w8_blockscale_bpreshuffle_1x128x128_256x16x64x256_16x16_16x16_16x16x1_16x16x1_1x16x1x16_4_1x1_intrawave_v1,49.59,445.51,0.0
gfx950,256,64,1024,6144,ck,7,0,15.0631,a8w8_blockscale_bpreshuffle_1x128x128_256x16x64x256_16x16_16x16_16x16x1_16x16x1_1x16x1x16_4_1x1_intrawave_v1,53.46,452.48,0.0
gfx950,256,66,1024,6144,ck,7,0,15.2771,a8w8_blockscale_bpreshuffle_1x128x128_256x16x64x256_16x16_16x16_16x16x1_16x16x1_1x16x1x16_4_1x1_intrawave_v1,54.36,447.21,0.0
gfx950,256,72,1024,6144,ck,7,0,15.2131,a8w8_blockscale_bpreshuffle_1x128x128_256x16x64x256_16x16_16x16_16x16x1_16x16x1_1x16x1x16_4_1x1_intrawave_v1,59.55,452.33,0.0
gfx950,256,80,1024,6144,ck,7,0,15.1842,a8w8_blockscale_bpreshuffle_1x128x128_256x16x64x256_16x16_16x16_16x16x1_16x16x1_1x16x1x16_4_1x1_intrawave_v1,66.29,457.5,0.0
gfx950,256,84,1024,6144,ck,7,0,14.9311,a8w8_blockscale_bpreshuffle_1x128x128_256x16x64x256_16x16_16x16_16x16x1_16x16x1_1x16x1x16_4_1x1_intrawave_v1,70.79,467.45,0.0
gfx950,256,88,1024,6144,ck,7,0,15.1011,a8w8_blockscale_bpreshuffle_1x128x128_256x16x64x256_16x16_16x16_16x16x1_16x16x1_1x16x1x16_4_1x1_intrawave_v1,73.33,464.36,0.0
gfx950,256,90,1024,6144,ck,7,0,14.9179,a8w8_blockscale_bpreshuffle_1x128x128_256x16x64x256_16x16_16x16_16x16x1_16x16x1_1x16x1x16_4_1x1_intrawave_v1,75.91,471.16,0.0
gfx950,256,96,1024,6144,ck,7,0,14.9451,a8w8_blockscale_bpreshuffle_1x128x128_256x16x64x256_16x16_16x16_16x16x1_16x16x1_1x16x1x16_4_1x1_intrawave_v1,80.83,473.59,0.0
gfx950,256,104,1024,6144,ck,7,0,15.2331,a8w8_blockscale_bpreshuffle_1x128x128_256x16x64x256_16x16_16x16_16x16x1_16x16x1_1x16x1x16_4_1x1_intrawave_v1,85.91,468.94,0.0
gfx950,256,108,1024,6144,ck,7,0,15.0791,a8w8_blockscale_bpreshuffle_1x128x128_256x16x64x256_16x16_16x16_16x16x1_16x16x1_1x16x1x16_4_1x1_intrawave_v1,90.12,475.9,0.0
gfx950,256,112,1024,6144,ck,7,0,14.7763,a8w8_blockscale_bpreshuffle_1x128x128_256x16x64x256_16x16_16x16_16x16x1_16x16x1_1x16x1x16_4_1x1_intrawave_v1,95.37,487.87,0.0
gfx950,256,114,1024,6144,ck,7,0,15.0012,a8w8_blockscale_bpreshuffle_1x128x128_256x16x64x256_16x16_16x16_16x16x1_16x16x1_1x16x1x16_4_1x1_intrawave_v1,95.62,481.65,0.0
gfx950,256,120,1024,6144,ck,7,0,14.9775,a8w8_blockscale_bpreshuffle_1x128x128_256x16x64x256_16x16_16x16_16x16x1_16x16x1_1x16x1x16_4_1x1_intrawave_v1,100.81,485.69,0.0
gfx950,256,128,1024,6144,ck,7,0,14.9268,a8w8_blockscale_bpreshuffle_1x128x128_256x16x64x256_16x16_16x16_16x16x1_16x16x1_1x16x1x16_4_1x1_intrawave_v1,107.9,491.74,0.0
gfx950,256,132,1024,6144,ck,7,0,15.1207,a8w8_blockscale_bpreshuffle_1x128x128_256x16x64x256_16x16_16x16_16x16x1_16x16x1_1x16x1x16_4_1x1_intrawave_v1,109.85,487.6,0.0
gfx950,256,138,1024,6144,ck,7,0,15.1231,a8w8_blockscale_bpreshuffle_1x128x128_256x16x64x256_16x16_16x16_16x16x1_16x16x1_1x16x1x16_4_1x1_intrawave_v1,114.82,490.77,0.0
gfx950,256,144,1024,6144,ck,7,0,14.9615,a8w8_blockscale_bpreshuffle_1x128x128_256x16x64x256_16x16_16x16_16x16x1_16x16x1_1x16x1x16_4_1x1_intrawave_v1,121.11,499.36,0.0
gfx950,256,156,1024,6144,ck,7,0,15.2419,a8w8_blockscale_bpreshuffle_1x128x128_256x16x64x256_16x16_16x16_16x16x1_16x16x1_1x16x1x16_4_1x1_intrawave_v1,128.79,496.62,0.0
gfx950,256,162,1024,6144,ck,7,0,15.263,a8w8_blockscale_bpreshuffle_1x128x128_256x16x64x256_16x16_16x16_16x16x1_16x16x1_1x16x1x16_4_1x1_intrawave_v1,133.55,499.15,0.0
gfx950,256,168,1024,6144,ck,7,0,15.0683,a8w8_blockscale_bpreshuffle_1x128x128_256x16x64x256_16x16_16x16_16x16x1_16x16x1_1x16x1x16_4_1x1_intrawave_v1,140.29,508.86,0.0
gfx950,256,180,1024,6144,ck,7,0,15.0507,a8w8_blockscale_bpreshuffle_1x128x128_256x16x64x256_16x16_16x16_16x16x1_16x16x1_1x16x1x16_4_1x1_intrawave_v1,150.49,515.99,0.0
gfx950,256,186,1024,6144,ck,7,0,15.0935,a8w8_blockscale_bpreshuffle_1x128x128_256x16x64x256_16x16_16x16_16x16x1_16x16x1_1x16x1x16_4_1x1_intrawave_v1,155.06,517.78,0.0
gfx950,256,192,1024,6144,ck,7,0,14.8475,a8w8_blockscale_bpreshuffle_1x128x128_256x16x64x256_16x16_16x16_16x16x1_16x16x1_1x16x1x16_4_1x1_intrawave_v1,162.72,529.67,0.0
gfx950,256,1024,1024,6144,ck,17,0,18.4797,a8w8_blockscale_bpreshuffle_1x128x128_256x64x64x256_16x16_16x16_16x16x1_16x16x1_1x32x1x8_8_2x1_intrawave_v1,697.25,794.39,0.0071
gfx950,256,1536,1024,6144,asm,1,1,25.6999,_ZN5aiter42fp8gemm_bf16_blockscale_BpreShuffle_48x128E,752.04,734.41,0.0
gfx950,256,2048,1024,6144,asm,2,1,28.038,_ZN5aiter42fp8gemm_bf16_blockscale_BpreShuffle_64x128E,919.1,822.76,0.0
gfx950,256,3072,1024,6144,asm,4,1,35.2421,_ZN5aiter42fp8gemm_bf16_blockscale_BpreShuffle_96x128E,1096.83,892.61,0.0
gfx950,256,4096,1024,6144,ck,14,0,43.0102,a8w8_blockscale_bpreshuffle_1x128x128_256x64x128x128_16x16_16x16_8x32x1_8x32x1_1x32x1x8_8_2x1_intrawave_v1,1198.31,926.43,0.0
gfx950,256,5120,1024,6144,ck,14,0,55.6539,a8w8_blockscale_bpreshuffle_1x128x128_256x64x128x128_16x16_16x16_8x32x1_8x32x1_1x32x1x8_8_2x1_intrawave_v1,1157.59,866.69,0.0
gfx950,256,6144,1024,6144,ck,1,0,61.5587,a8w8_blockscale_bpreshuffle_1x128x128_256x64x128x128_16x16_16x16_8x32x1_8x32x1_1x32x1x8_8_2x1_intrawave_v3,1255.86,919.82,0.0
gfx950,256,8192,1024,6144,ck,13,0,68.6424,a8w8_blockscale_bpreshuffle_1x128x128_256x64x256x128_16x16_16x16_8x32x1_8x32x1_1x32x1x8_8_2x1_intrawave_v1,1501.68,1069.31,0.0
gfx950,256,2,2048,2048,ck,7,0,6.7603,a8w8_blockscale_bpreshuffle_1x128x128_256x16x64x256_16x16_16x16_16x16x1_16x16x1_1x16x1x16_4_1x1_intrawave_v1,2.48,622.25,0.0
gfx950,256,4,2048,2048,ck,7,0,6.6877,a8w8_blockscale_bpreshuffle_1x128x128_256x16x64x256_16x16_16x16_16x16x1_16x16x1_1x16x1x16_4_1x1_intrawave_v1,5.02,630.84,0.0
gfx950,256,6,2048,2048,ck,7,0,6.4632,a8w8_blockscale_bpreshuffle_1x128x128_256x16x64x256_16x16_16x16_16x16x1_16x16x1_1x16x1x16_4_1x1_intrawave_v1,7.79,654.66,0.0
gfx950,256,8,2048,2048,ck,7,0,6.4252,a8w8_blockscale_bpreshuffle_1x128x128_256x16x64x256_16x16_16x16_16x16x1_16x16x1_1x16x1x16_4_1x1_intrawave_v1,10.44,660.44,0.0
gfx950,256,12,2048,2048,ck,7,0,6.6153,a8w8_blockscale_bpreshuffle_1x128x128_256x16x64x256_16x16_16x16_16x16x1_16x16x1_1x16x1x16_4_1x1_intrawave_v1,15.22,645.18,0.0
gfx950,256,16,2048,2048,ck,7,0,6.7483,a8w8_blockscale_bpreshuffle_1x128x128_256x16x64x256_16x16_16x16_16x16x1_16x16x1_1x16x1x16_4_1x1_intrawave_v1,19.89,636.1,0.0
gfx950,256,18,2048,2048,ck,7,0,6.6839,a8w8_blockscale_bpreshuffle_1x128x128_256x16x64x256_16x16_16x16_16x16x1_16x16x1_1x16x1x16_4_1x1_intrawave_v1,22.59,644.07,0.0
gfx950,256,24,2048,2048,ck,7,0,6.6782,a8w8_blockscale_bpreshuffle_1x128x128_256x16x64x256_16x16_16x16_16x16x1_16x16x1_1x16x1x16_4_1x1_intrawave_v1,30.15,650.14,0.0
gfx950,256,32,2048,2048,ck,7,0,6.6799,a8w8_blockscale_bpreshuffle_1x128x128_256x16x64x256_16x16_16x16_16x16x1_16x16x1_1x16x1x16_4_1x1_intrawave_v1,40.19,657.33,0.0
gfx950,256,36,2048,2048,ck,7,0,7.0705,a8w8_blockscale_bpreshuffle_1x128x128_256x16x64x256_16x16_16x16_16x16x1_16x16x1_1x16x1x16_4_1x1_intrawave_v1,42.71,624.49,0.0
gfx950,256,40,2048,2048,ck,7,0,6.6225,a8w8_blockscale_bpreshuffle_1x128x128_256x16x64x256_16x16_16x16_16x16x1_16x16x1_1x16x1x16_4_1x1_intrawave_v1,50.67,670.45,0.0
gfx950,256,42,2048,2048,ck,7,0,6.6229,a8w8_blockscale_bpreshuffle_1x128x128_256x16x64x256_16x16_16x16_16x16x1_16x16x1_1x16x1x16_4_1x1_intrawave_v1,53.2,672.27,0.0
gfx950,256,48,2048,2048,ck,7,0,6.6322,a8w8_blockscale_bpreshuffle_1x128x128_256x16x64x256_16x16_16x16_16x16x1_16x16x1_1x16x1x16_4_1x1_intrawave_v1,60.71,676.88,0.0
gfx950,256,56,2048,2048,ck,7,0,6.5531,a8w8_blockscale_bpreshuffle_1x128x128_256x16x64x256_16x16_16x16_16x16x1_16x16x1_1x16x1x16_4_1x1_intrawave_v1,71.69,692.55,0.0
gfx950,256,60,2048,2048,ck,7,0,6.5517,a8w8_blockscale_bpreshuffle_1x128x128_256x16x64x256_16x16_16x16_16x16x1_16x16x1_1x16x1x16_4_1x1_intrawave_v1,76.82,696.45,0.0
gfx950,256,64,2048,2048,ck,7,0,6.3687,a8w8_blockscale_bpreshuffle_1x128x128_256x16x64x256_16x16_16x16_16x16x1_16x16x1_1x16x1x16_4_1x1_intrawave_v1,84.3,720.32,0.0
gfx950,256,66,2048,2048,ck,7,0,6.9929,a8w8_blockscale_bpreshuffle_1x128x128_256x16x64x256_16x16_16x16_16x16x1_16x16x1_1x16x1x16_4_1x1_intrawave_v1,79.17,657.78,0.0
gfx950,256,72,2048,2048,ck,7,0,6.7506,a8w8_blockscale_bpreshuffle_1x128x128_256x16x64x256_16x16_16x16_16x16x1_16x16x1_1x16x1x16_4_1x1_intrawave_v1,89.47,686.85,0.0
gfx950,256,80,2048,2048,ck,7,0,6.4593,a8w8_blockscale_bpreshuffle_1x128x128_256x16x64x256_16x16_16x16_16x16x1_16x16x1_1x16x1x16_4_1x1_intrawave_v1,103.89,725.44,0.0
gfx950,256,84,2048,2048,ck,7,0,6.639,a8w8_blockscale_bpreshuffle_1x128x128_256x16x64x256_16x16_16x16_16x16x1_16x16x1_1x16x1x16_4_1x1_intrawave_v1,106.14,709.5,0.0
gfx950,256,88,2048,2048,ck,7,0,6.7321,a8w8_blockscale_bpreshuffle_1x128x128_256x16x64x256_16x16_16x16_16x16x1_16x16x1_1x16x1x16_4_1x1_intrawave_v1,109.65,703.34,0.0
gfx950,256,90,2048,2048,ck,7,0,6.609,a8w8_blockscale_bpreshuffle_1x128x128_256x16x64x256_16x16_16x16_16x16x1_16x16x1_1x16x1x16_4_1x1_intrawave_v1,114.23,718.3,0.0
gfx950,256,96,2048,2048,ck,7,0,6.3253,a8w8_blockscale_bpreshuffle_1x128x128_256x16x64x256_16x16_16x16_16x16x1_16x16x1_1x16x1x16_4_1x1_intrawave_v1,127.32,756.35,0.0
gfx950,256,104,2048,2048,ck,7,0,6.5243,a8w8_blockscale_bpreshuffle_1x128x128_256x16x64x256_16x16_16x16_16x16x1_16x16x1_1x16x1x16_4_1x1_intrawave_v1,133.72,740.81,0.0
gfx950,256,108,2048,2048,ck,7,0,6.4341,a8w8_blockscale_bpreshuffle_1x128x128_256x16x64x256_16x16_16x16_16x16x1_16x16x1_1x16x1x16_4_1x1_intrawave_v1,140.81,755.02,0.0
gfx950,256,112,2048,2048,ck,7,0,6.4047,a8w8_blockscale_bpreshuffle_1x128x128_256x16x64x256_16x16_16x16_16x16x1_16x16x1_1x16x1x16_4_1x1_intrawave_v1,146.69,762.32,0.0
gfx950,256,114,2048,2048,ck,7,0,6.7473,a8w8_blockscale_bpreshuffle_1x128x128_256x16x64x256_16x16_16x16_16x16x1_16x16x1_1x16x1x16_4_1x1_intrawave_v1,141.73,725.43,0.0
gfx950,256,120,2048,2048,ck,7,0,6.9474,a8w8_blockscale_bpreshuffle_1x128x128_256x16x64x256_16x16_16x16_16x16x1_16x16x1_1x16x1x16_4_1x1_intrawave_v1,144.89,709.85,0.0
gfx950,256,128,2048,2048,ck,7,0,6.589,a8w8_blockscale_bpreshuffle_1x128x128_256x16x64x256_16x16_16x16_16x16x1_16x16x1_1x16x1x16_4_1x1_intrawave_v1,162.96,755.92,0.0
gfx950,256,132,2048,2048,ck,7,0,6.6836,a8w8_blockscale_bpreshuffle_1x128x128_256x16x64x256_16x16_16x16_16x16x1_16x16x1_1x16x1x16_4_1x1_intrawave_v1,165.67,748.89,0.0
gfx950,256,138,2048,2048,ck,7,0,6.5239,a8w8_blockscale_bpreshuffle_1x128x128_256x16x64x256_16x16_16x16_16x16x1_16x16x1_1x16x1x16_4_1x1_intrawave_v1,177.44,772.88,0.0
gfx950,256,144,2048,2048,ck,7,0,6.2496,a8w8_blockscale_bpreshuffle_1x128x128_256x16x64x256_16x16_16x16_16x16x1_16x16x1_1x16x1x16_4_1x1_intrawave_v1,193.29,812.7,0.0
gfx950,256,156,2048,2048,ck,7,0,6.6369,a8w8_blockscale_bpreshuffle_1x128x128_256x16x64x256_16x16_16x16_16x16x1_16x16x1_1x16x1x16_4_1x1_intrawave_v1,197.17,776.38,0.0
gfx950,256,162,2048,2048,ck,7,0,6.4092,a8w8_blockscale_bpreshuffle_1x128x128_256x16x64x256_16x16_16x16_16x16x1_16x16x1_1x16x1x16_4_1x1_intrawave_v1,212.03,809.72,0.0
gfx950,256,168,2048,2048,ck,7,0,6.9683,a8w8_blockscale_bpreshuffle_1x128x128_256x16x64x256_16x16_16x16_16x16x1_16x16x1_1x16x1x16_4_1x1_intrawave_v1,202.24,750.04,0.0
gfx950,256,180,2048,2048,ck,7,0,6.7546,a8w8_blockscale_bpreshuffle_1x128x128_256x16x64x256_16x16_16x16_16x16x1_16x16x1_1x16x1x16_4_1x1_intrawave_v1,223.54,784.68,0.0
gfx950,256,186,2048,2048,ck,7,0,7.0541,a8w8_blockscale_bpreshuffle_1x128x128_256x16x64x256_16x16_16x16_16x16x1_16x16x1_1x16x1x16_4_1x1_intrawave_v1,221.19,756.59,0.0
gfx950,256,192,2048,2048,ck,12,0,6.8795,a8w8_blockscale_bpreshuffle_1x128x128_256x32x64x256_16x16_16x16_16x16x1_16x16x1_1x32x1x8_8_2x1_intrawave_v1,234.12,781.15,0.0
gfx950,256,1024,2048,2048,asm,2,1,12.3727,_ZN5aiter42fp8gemm_bf16_blockscale_BpreShuffle_64x128E,694.27,847.49,0.0
gfx950,256,1536,2048,2048,asm,4,1,14.8204,_ZN5aiter42fp8gemm_bf16_blockscale_BpreShuffle_96x128E,869.4,919.78,0.0
gfx950,256,2048,2048,2048,ck,14,0,17.926,a8w8_blockscale_bpreshuffle_1x128x128_256x64x128x128_16x16_16x16_8x32x1_8x32x1_1x32x1x8_8_2x1_intrawave_v1,958.38,935.92,0.0
gfx950,256,3072,2048,2048,ck,14,0,23.5588,a8w8_blockscale_bpreshuffle_1x128x128_256x64x128x128_16x16_16x16_8x32x1_8x32x1_1x32x1x8_8_2x1_intrawave_v1,1093.85,979.2,0.0
gfx950,256,4096,2048,2048,ck,13,0,28.4501,a8w8_blockscale_bpreshuffle_1x128x128_256x64x256x128_16x16_16x16_8x32x1_8x32x1_1x32x1x8_8_2x1_intrawave_v1,1207.72,1031.99,0.0
gfx950,256,5120,2048,2048,cktile,27,0,37.2788,a8w8_blockscale_cktile_192x256x128_4x2x1_16x16x128_intrawave_0x1x0_2,1152.12,956.35,0.0
gfx950,256,6144,2048,2048,cktile,29,0,38.9805,a8w8_blockscale_cktile_192x256x128_4x2x1_16x16x128_intrawave_0x1x0_4,1322.19,1076.0,0.0
gfx950,256,8192,2048,2048,ck,13,0,53.8838,a8w8_blockscale_bpreshuffle_1x128x128_256x64x256x128_16x16_16x16_8x32x1_8x32x1_1x32x1x8_8_2x1_intrawave_v1,1275.33,1011.92,0.0
gfx950,256,2,2624,6144,ck,7,0,15.2989,a8w8_blockscale_bpreshuffle_1x128x128_256x16x64x256_16x16_16x16_16x16x1_16x16x1_1x16x1x16_4_1x1_intrawave_v1,4.22,1055.28,0.0
gfx950,256,4,2624,6144,ck,7,0,15.3505,a8w8_blockscale_bpreshuffle_1x128x128_256x16x64x256_16x16_16x16_16x16x1_16x16x1_1x16x1x16_4_1x1_intrawave_v1,8.4,1053.22,0.0
gfx950,256,6,2624,6144,ck,7,0,15.4494,a8w8_blockscale_bpreshuffle_1x128x128_256x16x64x256_16x16_16x16_16x16x1_16x16x1_1x16x1x16_4_1x1_intrawave_v1,12.52,1047.95,0.0
gfx950,256,8,2624,6144,ck,7,0,15.3111,a8w8_blockscale_bpreshuffle_1x128x128_256x16x64x256_16x16_16x16_16x16x1_16x16x1_1x16x1x16_4_1x1_intrawave_v1,16.85,1058.9,0.0
gfx950,256,12,2624,6144,ck,7,0,15.3325,a8w8_blockscale_bpreshuffle_1x128x128_256x16x64x256_16x16_16x16_16x16x1_16x16x1_1x16x1x16_4_1x1_intrawave_v1,25.24,1060.4,0.0
gfx950,256,16,2624,6144,ck,7,0,15.0126,a8w8_blockscale_bpreshuffle_1x128x128_256x16x64x256_16x16_16x16_16x16x1_16x16x1_1x16x1x16_4_1x1_intrawave_v1,34.36,1086.03,0.0
gfx950,256,18,2624,6144,ck,7,0,15.4108,a8w8_blockscale_bpreshuffle_1x128x128_256x16x64x256_16x16_16x16_16x16x1_16x16x1_1x16x1x16_4_1x1_intrawave_v1,37.66,1059.45,0.0
gfx950,256,24,2624,6144,ck,7,0,15.1761,a8w8_blockscale_bpreshuffle_1x128x128_256x16x64x256_16x16_16x16_16x16x1_16x16x1_1x16x1x16_4_1x1_intrawave_v1,50.99,1080.33,0.0
gfx950,256,32,2624,6144,ck,7,0,14.9225,a8w8_blockscale_bpreshuffle_1x128x128_256x16x64x256_16x16_16x16_16x16x1_16x16x1_1x16x1x16_4_1x1_intrawave_v1,69.14,1104.8,0.0
gfx950,256,36,2624,6144,ck,7,0,15.1111,a8w8_blockscale_bpreshuffle_1x128x128_256x16x64x256_16x16_16x16_16x16x1_16x16x1_1x16x1x16_4_1x1_intrawave_v1,76.82,1094.03,0.0
gfx950,256,40,2624,6144,ck,7,0,15.1448,a8w8_blockscale_bpreshuffle_1x128x128_256x16x64x256_16x16_16x16_16x16x1_16x16x1_1x16x1x16_4_1x1_intrawave_v1,85.16,1094.6,0.0
gfx950,256,42,2624,6144,ck,7,0,15.1044,a8w8_blockscale_bpreshuffle_1x128x128_256x16x64x256_16x16_16x16_16x16x1_16x16x1_1x16x1x16_4_1x1_intrawave_v1,89.66,1099.04,0.0
gfx950,256,48,2624,6144,ck,7,0,14.9205,a8w8_blockscale_bpreshuffle_1x128x128_256x16x64x256_16x16_16x16_16x16x1_16x16x1_1x16x1x16_4_1x1_intrawave_v1,103.73,1117.17,0.0
gfx950,256,56,2624,6144,ck,7,0,15.0982,a8w8_blockscale_bpreshuffle_1x128x128_256x16x64x256_16x16_16x16_16x16x1_16x16x1_1x16x1x16_4_1x1_intrawave_v1,119.59,1110.05,0.0
gfx950,256,60,2624,6144,ck,7,0,15.0744,a8w8_blockscale_bpreshuffle_1x128x128_256x16x64x256_16x16_16x16_16x16x1_16x16x1_1x16x1x16_4_1x1_intrawave_v1,128.34,1114.83,0.0
gfx950,256,64,2624,6144,ck,7,0,14.7525,a8w8_blockscale_bpreshuffle_1x128x128_256x16x64x256_16x16_16x16_16x16x1_16x16x1_1x16x1x16_4_1x1_intrawave_v1,139.88,1142.24,0.0
gfx950,256,66,2624,6144,ck,7,0,14.9987,a8w8_blockscale_bpreshuffle_1x128x128_256x16x64x256_16x16_16x16_16x16x1_16x16x1_1x16x1x16_4_1x1_intrawave_v1,141.88,1125.01,0.0
gfx950,256,72,2624,6144,ck,7,0,14.9768,a8w8_blockscale_bpreshuffle_1x128x128_256x16x64x256_16x16_16x16_16x16x1_16x16x1_1x16x1x16_4_1x1_intrawave_v1,155.01,1131.22,0.0
gfx950,256,80,2624,6144,ck,7,0,14.9426,a8w8_blockscale_bpreshuffle_1x128x128_256x16x64x256_16x16_16x16_16x16x1_16x16x1_1x16x1x16_4_1x1_intrawave_v1,172.63,1139.91,0.0
gfx950,256,84,2624,6144,ck,7,0,14.7535,a8w8_blockscale_bpreshuffle_1x128x128_256x16x64x256_16x16_16x16_16x16x1_16x16x1_1x16x1x16_4_1x1_intrawave_v1,183.58,1157.61,0.0
gfx950,256,88,2624,6144,ck,7,0,15.2466,a8w8_blockscale_bpreshuffle_1x128x128_256x16x64x256_16x16_16x16_16x16x1_16x16x1_1x16x1x16_4_1x1_intrawave_v1,186.1,1123.16,0.0
gfx950,256,90,2624,6144,ck,7,0,15.1549,a8w8_blockscale_bpreshuffle_1x128x128_256x16x64x256_16x16_16x16_16x16x1_16x16x1_1x16x1x16_4_1x1_intrawave_v1,191.48,1131.46,0.0
gfx950,256,96,2624,6144,ck,7,0,14.9315,a8w8_blockscale_bpreshuffle_1x128x128_256x16x64x256_16x16_16x16_16x16x1_16x16x1_1x16x1x16_4_1x1_intrawave_v1,207.31,1152.96,0.0
gfx950,256,104,2624,6144,ck,7,0,16.5831,a8w8_blockscale_bpreshuffle_1x128x128_256x16x64x256_16x16_16x16_16x16x1_16x16x1_1x16x1x16_4_1x1_intrawave_v1,202.21,1043.63,0.0
gfx950,256,108,2624,6144,ck,7,0,16.6015,a8w8_blockscale_bpreshuffle_1x128x128_256x16x64x256_16x16_16x16_16x16x1_16x16x1_1x16x1x16_4_1x1_intrawave_v1,209.76,1045.22,0.0
gfx950,256,112,2624,6144,ck,7,0,16.5949,a8w8_blockscale_bpreshuffle_1x128x128_256x16x64x256_16x16_16x16_16x16x1_16x16x1_1x16x1x16_4_1x1_intrawave_v1,217.61,1048.38,0.0
gfx950,256,114,2624,6144,ck,7,0,16.9703,a8w8_blockscale_bpreshuffle_1x128x128_256x16x64x256_16x16_16x16_16x16x1_16x16x1_1x16x1x16_4_1x1_intrawave_v1,216.6,1026.53,0.0
gfx950,256,120,2624,6144,ck,7,0,17.178,a8w8_blockscale_bpreshuffle_1x128x128_256x16x64x256_16x16_16x16_16x16x1_16x16x1_1x16x1x16_4_1x1_intrawave_v1,225.24,1018.1,0.0
gfx950,256,128,2624,6144,ck,12,0,15.8834,a8w8_blockscale_bpreshuffle_1x128x128_256x32x64x256_16x16_16x16_16x16x1_16x16x1_1x32x1x8_8_2x1_intrawave_v1,259.84,1106.82,0.0
gfx950,256,132,2624,6144,ck,7,0,16.8703,a8w8_blockscale_bpreshuffle_1x128x128_256x16x64x256_16x16_16x16_16x16x1_16x16x1_1x16x1x16_4_1x1_intrawave_v1,252.29,1044.77,0.0
gfx950,256,138,2624,6144,ck,7,0,16.9012,a8w8_blockscale_bpreshuffle_1x128x128_256x16x64x256_16x16_16x16_16x16x1_16x16x1_1x16x1x16_4_1x1_intrawave_v1,263.27,1046.91,0.0
gfx950,256,144,2624,6144,ck,7,0,17.0386,a8w8_blockscale_bpreshuffle_1x128x128_256x16x64x256_16x16_16x16_16x16x1_16x16x1_1x16x1x16_4_1x1_intrawave_v1,272.5,1042.47,0.0
gfx950,256,156,2624,6144,ck,7,0,17.3257,a8w8_blockscale_bpreshuffle_1x128x128_256x16x64x256_16x16_16x16_16x16x1_16x16x1_1x16x1x16_4_1x1_intrawave_v1,290.32,1033.09,0.0
gfx950,256,162,2624,6144,ck,7,0,17.1949,a8w8_blockscale_bpreshuffle_1x128x128_256x16x64x256_16x16_16x16_16x16x1_16x16x1_1x16x1x16_4_1x1_intrawave_v1,303.78,1044.92,0.0
gfx950,256,168,2624,6144,ck,7,0,17.1337,a8w8_blockscale_bpreshuffle_1x128x128_256x16x64x256_16x16_16x16_16x16x1_16x16x1_1x16x1x16_4_1x1_intrawave_v1,316.16,1052.65,0.0
gfx950,256,180,2624,6144,ck,7,0,17.2898,a8w8_blockscale_bpreshuffle_1x128x128_256x16x64x256_16x16_16x16_16x16x1_16x16x1_1x16x1x16_4_1x1_intrawave_v1,335.68,1051.05,0.0
gfx950,256,186,2624,6144,ck,7,0,17.3982,a8w8_blockscale_bpreshuffle_1x128x128_256x16x64x256_16x16_16x16_16x16x1_16x16x1_1x16x1x16_4_1x1_intrawave_v1,344.71,1048.43,0.0
gfx950,256,192,2624,6144,ck,12,0,16.1526,a8w8_blockscale_bpreshuffle_1x128x128_256x32x64x256_16x16_16x16_16x16x1_16x16x1_1x32x1x8_8_2x1_intrawave_v1,383.27,1133.51,0.0
gfx950,256,1024,2624,6144,ck,15,0,40.775,a8w8_blockscale_bpreshuffle_1x128x128_256x64x64x128_16x16_16x16_8x32x1_8x32x1_1x32x1x8_8_2x1_intrawave_v1,809.75,681.48,0.0129
gfx950,256,1536,2624,6144,ck,2,0,53.8027,a8w8_blockscale_bpreshuffle_1x128x128_256x64x64x128_16x16_16x16_8x32x1_8x32x1_1x32x1x8_8_2x1_intrawave_v3,920.52,624.88,0.0
gfx950,256,2048,2624,6144,cktile,27,0,74.9925,a8w8_blockscale_cktile_192x256x128_4x2x1_16x16x128_intrawave_0x1x0_2,880.56,526.09,0.0
gfx950,256,3072,2624,6144,cktile,11,0,77.7971,a8w8_blockscale_cktile_192x256x128_4x2x1_16x16x128_intrawave_0x1x0_1,1273.22,657.07,0.0
gfx950,256,4096,2624,6144,cktile,27,0,81.986,a8w8_blockscale_cktile_192x256x128_4x2x1_16x16x128_intrawave_0x1x0_2,1610.89,765.78,0.0
gfx950,256,5120,2624,6144,cktile,11,0,148.3529,a8w8_blockscale_cktile_192x256x128_4x2x1_16x16x128_intrawave_0x1x0_1,1112.8,501.84,0.0
gfx950,256,6144,2624,6144,cktile,28,0,151.1079,a8w8_blockscale_cktile_192x256x128_4x2x1_16x16x128_intrawave_0x1x0_3,1311.02,569.89,0.0
gfx950,256,8192,2624,6144,cktile,28,0,158.1013,a8w8_blockscale_cktile_192x256x128_4x2x1_16x16x128_intrawave_0x1x0_3,1670.7,692.25,0.0
gfx950,256,2,3072,6144,ck,7,0,15.4801,a8w8_blockscale_bpreshuffle_1x128x128_256x16x64x256_16x16_16x16_16x16x1_16x16x1_1x16x1x16_4_1x1_intrawave_v1,4.88,1220.85,0.0
gfx950,256,4,3072,6144,ck,7,0,15.3672,a8w8_blockscale_bpreshuffle_1x128x128_256x16x64x256_16x16_16x16_16x16x1_16x16x1_1x16x1x16_4_1x1_intrawave_v1,9.83,1231.42,0.0
gfx950,256,6,3072,6144,ck,7,0,15.5689,a8w8_blockscale_bpreshuffle_1x128x128_256x16x64x256_16x16_16x16_16x16x1_16x16x1_1x16x1x16_4_1x1_intrawave_v1,14.55,1217.05,0.0
gfx950,256,8,3072,6144,ck,7,0,15.4335,a8w8_blockscale_bpreshuffle_1x128x128_256x16x64x256_16x16_16x16_16x16x1_16x16x1_1x16x1x16_4_1x1_intrawave_v1,19.57,1229.32,0.0
gfx950,256,12,3072,6144,ck,7,0,15.5899,a8w8_blockscale_bpreshuffle_1x128x128_256x16x64x256_16x16_16x16_16x16x1_16x16x1_1x16x1x16_4_1x1_intrawave_v1,29.06,1220.14,0.0
gfx950,256,16,3072,6144,ck,7,0,15.1434,a8w8_blockscale_bpreshuffle_1x128x128_256x16x64x256_16x16_16x16_16x16x1_16x16x1_1x16x1x16_4_1x1_intrawave_v1,39.88,1259.36,0.0
gfx950,256,18,3072,6144,ck,7,0,15.5394,a8w8_blockscale_bpreshuffle_1x128x128_256x16x64x256_16x16_16x16_16x16x1_16x16x1_1x16x1x16_4_1x1_intrawave_v1,43.73,1228.85,0.0
gfx950,256,24,3072,6144,ck,7,0,15.5012,a8w8_blockscale_bpreshuffle_1x128x128_256x16x64x256_16x16_16x16_16x16x1_16x16x1_1x16x1x16_4_1x1_intrawave_v1,58.45,1236.63,0.0
gfx950,256,32,3072,6144,ck,7,0,15.2529,a8w8_blockscale_bpreshuffle_1x128x128_256x16x64x256_16x16_16x16_16x16x1_16x16x1_1x16x1x16_4_1x1_intrawave_v1,79.2,1263.21,0.0
gfx950,256,36,3072,6144,ck,7,0,15.2545,a8w8_blockscale_bpreshuffle_1x128x128_256x16x64x256_16x16_16x16_16x16x1_16x16x1_1x16x1x16_4_1x1_intrawave_v1,89.09,1266.3,0.0
gfx950,256,40,3072,6144,ck,7,0,15.2594,a8w8_blockscale_bpreshuffle_1x128x128_256x16x64x256_16x16_16x16_16x16x1_16x16x1_1x16x1x16_4_1x1_intrawave_v1,98.95,1269.11,0.0
gfx950,256,42,3072,6144,ck,7,0,15.0951,a8w8_blockscale_bpreshuffle_1x128x128_256x16x64x256_16x16_16x16_16x16x1_16x16x1_1x16x1x16_4_1x1_intrawave_v1,105.03,1284.55,0.0
gfx950,256,48,3072,6144,ck,7,0,15.1721,a8w8_blockscale_bpreshuffle_1x128x128_256x16x64x256_16x16_16x16_16x16x1_16x16x1_1x16x1x16_4_1x1_intrawave_v1,119.43,1282.89,0.0
gfx950,256,56,3072,6144,ck,7,0,15.2391,a8w8_blockscale_bpreshuffle_1x128x128_256x16x64x256_16x16_16x16_16x16x1_16x16x1_1x16x1x16_4_1x1_intrawave_v1,138.72,1283.7,0.0
gfx950,256,60,3072,6144,ck,7,0,15.2028,a8w8_blockscale_bpreshuffle_1x128x128_256x16x64x256_16x16_16x16_16x16x1_16x16x1_1x16x1x16_4_1x1_intrawave_v1,148.98,1290.0,0.0
gfx950,256,64,3072,6144,ck,7,0,15.1518,a8w8_blockscale_bpreshuffle_1x128x128_256x16x64x256_16x16_16x16_16x16x1_16x16x1_1x16x1x16_4_1x1_intrawave_v1,159.45,1297.59,0.0
gfx950,256,66,3072,6144,ck,7,0,15.3504,a8w8_blockscale_bpreshuffle_1x128x128_256x16x64x256_16x16_16x16_16x16x1_16x16x1_1x16x1x16_4_1x1_intrawave_v1,162.3,1282.4,0.0
gfx950,256,72,3072,6144,ck,7,0,15.2217,a8w8_blockscale_bpreshuffle_1x128x128_256x16x64x256_16x16_16x16_16x16x1_16x16x1_1x16x1x16_4_1x1_intrawave_v1,178.55,1298.09,0.0
gfx950,256,80,3072,6144,ck,7,0,15.1696,a8w8_blockscale_bpreshuffle_1x128x128_256x16x64x256_16x16_16x16_16x16x1_16x16x1_1x16x1x16_4_1x1_intrawave_v1,199.08,1309.03,0.0
gfx950,256,84,3072,6144,ck,7,0,15.7625,a8w8_blockscale_bpreshuffle_1x128x128_256x16x64x256_16x16_16x16_16x16x1_16x16x1_1x16x1x16_4_1x1_intrawave_v1,201.17,1262.91,0.0
gfx950,256,88,3072,6144,ck,7,0,15.5361,a8w8_blockscale_bpreshuffle_1x128x128_256x16x64x256_16x16_16x16_16x16x1_16x16x1_1x16x1x16_4_1x1_intrawave_v1,213.82,1284.47,0.0
gfx950,256,90,3072,6144,ck,7,0,15.8736,a8w8_blockscale_bpreshuffle_1x128x128_256x16x64x256_16x16_16x16_16x16x1_16x16x1_1x16x1x16_4_1x1_intrawave_v1,214.03,1258.71,0.0
gfx950,256,96,3072,6144,ck,7,0,15.8289,a8w8_blockscale_bpreshuffle_1x128x128_256x16x64x256_16x16_16x16_16x16x1_16x16x1_1x16x1x16_4_1x1_intrawave_v1,228.94,1266.92,0.0
gfx950,256,104,3072,6144,ck,7,0,16.9224,a8w8_blockscale_bpreshuffle_1x128x128_256x16x64x256_16x16_16x16_16x16x1_16x16x1_1x16x1x16_4_1x1_intrawave_v1,231.99,1190.87,0.0
gfx950,256,108,3072,6144,ck,7,0,16.961,a8w8_blockscale_bpreshuffle_1x128x128_256x16x64x256_16x16_16x16_16x16x1_16x16x1_1x16x1x16_4_1x1_intrawave_v1,240.37,1191.05,0.0
gfx950,256,112,3072,6144,ck,7,0,16.8632,a8w8_blockscale_bpreshuffle_1x128x128_256x16x64x256_16x16_16x16_16x16x1_16x16x1_1x16x1x16_4_1x1_intrawave_v1,250.72,1200.88,0.0
gfx950,256,114,3072,6144,ck,7,0,17.1328,a8w8_blockscale_bpreshuffle_1x128x128_256x16x64x256_16x16_16x16_16x16x1_16x16x1_1x16x1x16_4_1x1_intrawave_v1,251.18,1183.41,0.0
gfx950,256,120,3072,6144,ck,7,0,17.3428,a8w8_blockscale_bpreshuffle_1x128x128_256x16x64x256_16x16_16x16_16x16x1_16x16x1_1x16x1x16_4_1x1_intrawave_v1,261.19,1173.34,0.0
gfx950,256,128,3072,6144,ck,12,0,16.2182,a8w8_blockscale_bpreshuffle_1x128x128_256x32x64x256_16x16_16x16_16x16x1_16x16x1_1x32x1x8_8_2x1_intrawave_v1,297.93,1260.76,0.0
gfx950,256,132,3072,6144,ck,7,0,17.6005,a8w8_blockscale_bpreshuffle_1x128x128_256x16x64x256_16x16_16x16_16x16x1_16x16x1_1x16x1x16_4_1x1_intrawave_v1,283.11,1164.53,0.0
gfx950,256,138,3072,6144,ck,7,0,17.5424,a8w8_blockscale_bpreshuffle_1x128x128_256x16x64x256_16x16_16x16_16x16x1_16x16x1_1x16x1x16_4_1x1_intrawave_v1,296.96,1172.59,0.0
gfx950,256,144,3072,6144,ck,7,0,17.507,a8w8_blockscale_bpreshuffle_1x128x128_256x16x64x256_16x16_16x16_16x16x1_16x16x1_1x16x1x16_4_1x1_intrawave_v1,310.49,1179.18,0.0
gfx950,256,156,3072,6144,ck,7,0,17.663,a8w8_blockscale_bpreshuffle_1x128x128_256x16x64x256_16x16_16x16_16x16x1_16x16x1_1x16x1x16_4_1x1_intrawave_v1,333.4,1177.11,0.0
gfx950,256,162,3072,6144,ck,12,0,19.9376,a8w8_blockscale_bpreshuffle_1x128x128_256x32x64x256_16x16_16x16_16x16x1_16x16x1_1x32x1x8_8_2x1_intrawave_v1,306.72,1046.52,0.0
gfx950,256,168,3072,6144,ck,12,0,20.1103,a8w8_blockscale_bpreshuffle_1x128x128_256x32x64x256_16x16_16x16_16x16x1_16x16x1_1x32x1x8_8_2x1_intrawave_v1,315.35,1041.2,0.0
gfx950,256,180,3072,6144,ck,7,0,19.9868,a8w8_blockscale_bpreshuffle_1x128x128_256x16x64x256_16x16_16x16_16x16x1_16x16x1_1x16x1x16_4_1x1_intrawave_v1,339.96,1055.01,0.0
gfx950,256,186,3072,6144,ck,12,0,20.1151,a8w8_blockscale_bpreshuffle_1x128x128_256x32x64x256_16x16_16x16_16x16x1_16x16x1_1x32x1x8_8_2x1_intrawave_v1,349.05,1051.94,0.0
gfx950,256,192,3072,6144,ck,12,0,17.7091,a8w8_blockscale_bpreshuffle_1x128x128_256x32x64x256_16x16_16x16_16x16x1_16x16x1_1x32x1x8_8_2x1_intrawave_v1,409.27,1199.03,0.0
gfx950,256,1024,3072,6144,asm,5,1,38.3914,_ZN5aiter43fp8gemm_bf16_blockscale_BpreShuffle_128x128E,1006.86,819.38,0.0
gfx950,256,1536,3072,6144,ck,14,0,52.3774,a8w8_blockscale_bpreshuffle_1x128x128_256x64x128x128_16x16_16x16_8x32x1_8x32x1_1x32x1x8_8_2x1_intrawave_v1,1107.01,720.71,0.0
gfx950,256,2048,3072,6144,ck,14,0,61.6527,a8w8_blockscale_bpreshuffle_1x128x128_256x64x128x128_16x16_16x16_8x32x1_8x32x1_1x32x1x8_8_2x1_intrawave_v1,1253.95,714.33,0.0
gfx950,256,3072,3072,6144,cktile,28,0,77.8308,a8w8_blockscale_cktile_192x256x128_4x2x1_16x16x128_intrawave_0x1x0_3,1489.95,727.52,0.0
gfx950,256,4096,3072,6144,ck,0,0,103.8825,a8w8_blockscale_bpreshuffle_1x128x128_256x128x128x128_16x16_16x16_8x32x1_8x32x1_1x32x1x8_8_2x1_intrawave_v3,1488.4,666.2,0.0
gfx950,256,5120,3072,6144,ck,13,0,123.9448,a8w8_blockscale_bpreshuffle_1x128x128_256x64x256x128_16x16_16x16_8x32x1_8x32x1_1x32x1x8_8_2x1_intrawave_v1,1559.35,659.88,0.0
gfx950,256,6144,3072,6144,ck,13,0,148.6453,a8w8_blockscale_bpreshuffle_1x128x128_256x64x256x128_16x16_16x16_8x32x1_8x32x1_1x32x1x8_8_2x1_intrawave_v1,1560.28,634.88,0.0
gfx950,256,8192,3072,6144,ck,0,0,183.5324,a8w8_blockscale_bpreshuffle_1x128x128_256x128x128x128_16x16_16x16_8x32x1_8x32x1_1x32x1x8_8_2x1_intrawave_v3,1684.92,651.32,0.0
gfx950,256,2,4096,2048,ck,7,0,6.8245,a8w8_blockscale_bpreshuffle_1x128x128_256x16x64x256_16x16_16x16_16x16x1_16x16x1_1x16x1x16_4_1x1_intrawave_v1,4.92,1232.19,0.0
gfx950,256,4,4096,2048,ck,7,0,6.8431,a8w8_blockscale_bpreshuffle_1x128x128_256x16x64x256_16x16_16x16_16x16x1_16x16x1_1x16x1x16_4_1x1_intrawave_v1,9.81,1231.83,0.0
gfx950,256,6,4096,2048,ck,7,0,6.6525,a8w8_blockscale_bpreshuffle_1x128x128_256x16x64x256_16x16_16x16_16x16x1_16x16x1_1x16x1x16_4_1x1_intrawave_v1,15.13,1270.21,0.0
gfx950,256,8,4096,2048,ck,7,0,6.765,a8w8_blockscale_bpreshuffle_1x128x128_256x16x64x256_16x16_16x16_16x16x1_16x16x1_1x16x1x16_4_1x1_intrawave_v1,19.84,1252.11,0.0
gfx950,256,12,4096,2048,ck,7,0,6.8055,a8w8_blockscale_bpreshuffle_1x128x128_256x16x64x256_16x16_16x16_16x16x1_16x16x1_1x16x1x16_4_1x1_intrawave_v1,29.58,1250.68,0.0
gfx950,256,16,4096,2048,ck,7,0,6.4646,a8w8_blockscale_bpreshuffle_1x128x128_256x16x64x256_16x16_16x16_16x16x1_16x16x1_1x16x1x16_4_1x1_intrawave_v1,41.52,1322.97,0.0
gfx950,256,18,4096,2048,ck,7,0,7.0731,a8w8_blockscale_bpreshuffle_1x128x128_256x16x64x256_16x16_16x16_16x16x1_16x16x1_1x16x1x16_4_1x1_intrawave_v1,42.7,1212.05,0.0
gfx950,256,24,4096,2048,ck,7,0,7.4454,a8w8_blockscale_bpreshuffle_1x128x128_256x16x64x256_16x16_16x16_16x16x1_16x16x1_1x16x1x16_4_1x1_intrawave_v1,54.08,1159.69,0.0
gfx950,256,32,4096,2048,ck,7,0,7.199,a8w8_blockscale_bpreshuffle_1x128x128_256x16x64x256_16x16_16x16_16x16x1_16x16x1_1x16x1x16_4_1x1_intrawave_v1,74.58,1210.76,0.0
gfx950,256,36,4096,2048,ck,7,0,7.5219,a8w8_blockscale_bpreshuffle_1x128x128_256x16x64x256_16x16_16x16_16x16x1_16x16x1_1x16x1x16_4_1x1_intrawave_v1,80.3,1164.23,0.0
gfx950,256,40,4096,2048,ck,7,0,8.0619,a8w8_blockscale_bpreshuffle_1x128x128_256x16x64x256_16x16_16x16_16x16x1_16x16x1_1x16x1x16_4_1x1_intrawave_v1,83.24,1091.33,0.0
gfx950,256,42,4096,2048,ck,7,0,7.4407,a8w8_blockscale_bpreshuffle_1x128x128_256x16x64x256_16x16_16x16_16x16x1_16x16x1_1x16x1x16_4_1x1_intrawave_v1,94.7,1185.2,0.0
gfx950,256,48,4096,2048,ck,7,0,7.3042,a8w8_blockscale_bpreshuffle_1x128x128_256x16x64x256_16x16_16x16_16x16x1_16x16x1_1x16x1x16_4_1x1_intrawave_v1,110.25,1215.76,0.0
gfx950,256,56,4096,2048,ck,7,0,7.5459,a8w8_blockscale_bpreshuffle_1x128x128_256x16x64x256_16x16_16x16_16x16x1_16x16x1_1x16x1x16_4_1x1_intrawave_v1,124.51,1187.67,0.0
gfx950,256,60,4096,2048,ck,7,0,7.3733,a8w8_blockscale_bpreshuffle_1x128x128_256x16x64x256_16x16_16x16_16x16x1_16x16x1_1x16x1x16_4_1x1_intrawave_v1,136.52,1221.03,0.0
gfx950,256,64,4096,2048,ck,7,0,7.6734,a8w8_blockscale_bpreshuffle_1x128x128_256x16x64x256_16x16_16x16_16x16x1_16x16x1_1x16x1x16_4_1x1_intrawave_v1,139.93,1178.61,0.0
gfx950,256,66,4096,2048,ck,7,0,9.0847,a8w8_blockscale_bpreshuffle_1x128x128_256x16x64x256_16x16_16x16_16x16x1_16x16x1_1x16x1x16_4_1x1_intrawave_v1,121.89,997.77,0.0
gfx950,256,72,4096,2048,ck,7,0,8.5723,a8w8_blockscale_bpreshuffle_1x128x128_256x16x64x256_16x16_16x16_16x16x1_16x16x1_1x16x1x16_4_1x1_intrawave_v1,140.91,1064.58,0.0
gfx950,256,80,4096,2048,ck,7,0,8.7147,a8w8_blockscale_bpreshuffle_1x128x128_256x16x64x256_16x16_16x16_16x16x1_16x16x1_1x16x1x16_4_1x1_intrawave_v1,154.01,1056.58,0.0
gfx950,256,84,4096,2048,ck,6,0,7.6773,a8w8_blockscale_bpreshuffle_1x128x128_256x16x128x256_16x16_16x16_16x16x1_16x16x1_1x16x1x16_8_1x2_intrawave_v1,183.57,1204.69,0.0
gfx950,256,88,4096,2048,ck,7,0,8.2559,a8w8_blockscale_bpreshuffle_1x128x128_256x16x64x256_16x16_16x16_16x16x1_16x16x1_1x16x1x16_4_1x1_intrawave_v1,178.83,1125.22,0.0
gfx950,256,90,4096,2048,ck,7,0,8.9975,a8w8_blockscale_bpreshuffle_1x128x128_256x16x64x256_16x16_16x16_16x16x1_16x16x1_1x16x1x16_4_1x1_intrawave_v1,167.82,1034.75,0.0
gfx950,256,96,4096,2048,ck,6,0,7.8439,a8w8_blockscale_bpreshuffle_1x128x128_256x16x128x256_16x16_16x16_16x16x1_16x16x1_1x16x1x16_8_1x2_intrawave_v1,205.33,1194.77,0.0
gfx950,256,104,4096,2048,ck,7,0,7.7837,a8w8_blockscale_bpreshuffle_1x128x128_256x16x64x256_16x16_16x16_16x16x1_16x16x1_1x16x1x16_4_1x1_intrawave_v1,224.16,1214.53,0.0
gfx950,256,108,4096,2048,ck,7,0,8.6451,a8w8_blockscale_bpreshuffle_1x128x128_256x16x64x256_16x16_16x16_16x16x1_16x16x1_1x16x1x16_4_1x1_intrawave_v1,209.59,1098.26,0.0
gfx950,256,112,4096,2048,ck,7,0,8.8107,a8w8_blockscale_bpreshuffle_1x128x128_256x16x64x256_16x16_16x16_16x16x1_16x16x1_1x16x1x16_4_1x1_intrawave_v1,213.27,1082.26,0.0
gfx950,256,114,4096,2048,ck,6,0,9.1463,a8w8_blockscale_bpreshuffle_1x128x128_256x16x128x256_16x16_16x16_16x16x1_16x16x1_1x16x1x16_8_1x2_intrawave_v1,209.11,1044.79,0.0
gfx950,256,120,4096,2048,ck,7,0,8.989,a8w8_blockscale_bpreshuffle_1x128x128_256x16x64x256_16x16_16x16_16x16x1_16x16x1_1x16x1x16_4_1x1_intrawave_v1,223.97,1069.91,0.0
gfx950,256,128,4096,2048,ck,12,0,7.8448,a8w8_blockscale_bpreshuffle_1x128x128_256x32x64x256_16x16_16x16_16x16x1_16x16x1_1x32x1x8_8_2x1_intrawave_v1,273.75,1236.4,0.0
gfx950,256,132,4096,2048,ck,7,0,9.9721,a8w8_blockscale_bpreshuffle_1x128x128_256x16x64x256_16x16_16x16_16x16x1_16x16x1_1x16x1x16_4_1x1_intrawave_v1,222.08,976.75,0.0
gfx950,256,138,4096,2048,ck,7,0,9.8895,a8w8_blockscale_bpreshuffle_1x128x128_256x16x64x256_16x16_16x16_16x16x1_16x16x1_1x16x1x16_4_1x1_intrawave_v1,234.11,991.12,0.0
gfx950,256,144,4096,2048,ck,11,0,10.0963,a8w8_blockscale_bpreshuffle_1x128x128_256x32x128x256_16x16_16x16_16x16x1_16x16x1_1x32x1x8_8_2x1_intrawave_v1,239.29,976.91,0.0
gfx950,256,156,4096,2048,ck,11,0,10.1045,a8w8_blockscale_bpreshuffle_1x128x128_256x32x128x256_16x16_16x16_16x16x1_16x16x1_1x32x1x8_8_2x1_intrawave_v1,259.02,988.28,0.0
gfx950,256,162,4096,2048,ck,12,0,9.6512,a8w8_blockscale_bpreshuffle_1x128x128_256x32x64x256_16x16_16x16_16x16x1_16x16x1_1x32x1x8_8_2x1_intrawave_v1,281.61,1041.06,0.0
gfx950,256,168,4096,2048,ck,12,0,9.8531,a8w8_blockscale_bpreshuffle_1x128x128_256x32x64x256_16x16_16x16_16x16x1_16x16x1_1x32x1x8_8_2x1_intrawave_v1,286.06,1025.96,0.0
gfx950,256,180,4096,2048,ck,7,0,9.8262,a8w8_blockscale_bpreshuffle_1x128x128_256x16x64x256_16x16_16x16_16x16x1_16x16x1_1x16x1x16_4_1x1_intrawave_v1,307.33,1041.28,0.0
gfx950,256,186,4096,2048,ck,6,0,9.4847,a8w8_blockscale_bpreshuffle_1x128x128_256x16x128x256_16x16_16x16_16x16x1_16x16x1_1x16x1x16_8_1x2_intrawave_v1,329.01,1085.25,0.0
gfx950,256,192,4096,2048,ck,17,0,9.4159,a8w8_blockscale_bpreshuffle_1x128x128_256x64x64x256_16x16_16x16_16x16x1_16x16x1_1x32x1x8_8_2x1_intrawave_v1,342.1,1099.7,0.0115
gfx950,256,1024,4096,2048,ck,14,0,17.7559,a8w8_blockscale_bpreshuffle_1x128x128_256x64x128x128_16x16_16x16_8x32x1_8x32x1_1x32x1x8_8_2x1_intrawave_v1,967.56,1062.99,0.0
gfx950,256,1536,4096,2048,ck,14,0,23.1318,a8w8_blockscale_bpreshuffle_1x128x128_256x64x128x128_16x16_16x16_8x32x1_8x32x1_1x32x1x8_8_2x1_intrawave_v1,1114.04,1042.6,0.0
gfx950,256,2048,4096,2048,ck,13,0,28.6336,a8w8_blockscale_bpreshuffle_1x128x128_256x64x256x128_16x16_16x16_8x32x1_8x32x1_1x32x1x8_8_2x1_intrawave_v1,1199.98,1025.37,0.0
gfx950,256,3072,4096,2048,cktile,29,0,37.3868,a8w8_blockscale_cktile_192x256x128_4x2x1_16x16x128_intrawave_0x1x0_4,1378.55,1065.77,0.0
gfx950,256,4096,4096,2048,ck,13,0,54.923,a8w8_blockscale_bpreshuffle_1x128x128_256x64x256x128_16x16_16x16_8x32x1_8x32x1_1x32x1x8_8_2x1_intrawave_v1,1251.2,916.4,0.0
gfx950,256,5120,4096,2048,ck,13,0,64.1355,a8w8_blockscale_bpreshuffle_1x128x128_256x64x256x128_16x16_16x16_8x32x1_8x32x1_1x32x1x8_8_2x1_intrawave_v1,1339.34,948.26,0.0
gfx950,256,6144,4096,2048,cktile,29,0,73.078,a8w8_blockscale_cktile_192x256x128_4x2x1_16x16x128_intrawave_0x1x0_4,1410.54,975.71,0.0
gfx950,256,8192,4096,2048,ck,13,0,100.5366,a8w8_blockscale_bpreshuffle_1x128x128_256x64x256x128_16x16_16x16_8x32x1_8x32x1_1x32x1x8_8_2x1_intrawave_v1,1367.05,917.82,0.0
gfx950,256,2,6144,512,ck,7,0,3.5479,a8w8_blockscale_bpreshuffle_1x128x128_256x16x64x256_16x16_16x16_16x16x1_16x16x1_1x16x1x16_4_1x1_intrawave_v1,3.55,893.86,0.0
gfx950,256,2,6144,1536,ck,7,0,6.8223,a8w8_blockscale_bpreshuffle_1x128x128_256x16x64x256_16x16_16x16_16x16x1_16x16x1_1x16x1x16_4_1x1_intrawave_v1,5.53,1387.34,0.0
gfx950,256,2,6144,2048,ck,7,0,7.4783,a8w8_blockscale_bpreshuffle_1x128x128_256x16x64x256_16x16_16x16_16x16x1_16x16x1_1x16x1x16_4_1x1_intrawave_v1,6.73,1686.42,0.0
gfx950,256,2,6144,3072,ck,7,0,10.6445,a8w8_blockscale_bpreshuffle_1x128x128_256x16x64x256_16x16_16x16_16x16x1_16x16x1_1x16x1x16_4_1x1_intrawave_v1,7.09,1776.04,0.0
gfx950,256,2,6144,4096,ck,7,0,11.3934,a8w8_blockscale_bpreshuffle_1x128x128_256x16x64x256_16x16_16x16_16x16x1_16x16x1_1x16x1x16_4_1x1_intrawave_v1,8.84,2211.68,0.0
gfx950,256,2,6144,6144,ck,7,0,16.0426,a8w8_blockscale_bpreshuffle_1x128x128_256x16x64x256_16x16_16x16_16x16x1_16x16x1_1x16x1x16_4_1x1_intrawave_v1,9.41,2355.33,0.0
gfx950,256,2,6144,12288,ck,7,0,29.7837,a8w8_blockscale_bpreshuffle_1x128x128_256x16x64x256_16x16_16x16_16x16x1_16x16x1_1x16x1x16_4_1x1_intrawave_v1,10.14,2536.51,0.0
gfx950,256,2,6144,16384,ck,7,0,39.1242,a8w8_blockscale_bpreshuffle_1x128x128_256x16x64x256_16x16_16x16_16x16x1_16x16x1_1x16x1x16_4_1x1_intrawave_v1,10.29,2574.38,0.0
gfx950,256,4,6144,512,ck,7,0,3.57,a8w8_blockscale_bpreshuffle_1x128x128_256x16x64x256_16x16_16x16_16x16x1_16x16x1_1x16x1x16_4_1x1_intrawave_v1,7.05,895.5,0.0
gfx950,256,4,6144,1536,ck,7,0,6.6666,a8w8_blockscale_bpreshuffle_1x128x128_256x16x64x256_16x16_16x16_16x16x1_16x16x1_1x16x1x16_4_1x1_intrawave_v1,11.32,1423.89,0.0
gfx950,256,4,6144,2048,ck,7,0,7.1762,a8w8_blockscale_bpreshuffle_1x128x128_256x16x64x256_16x16_16x16_16x16x1_16x16x1_1x16x1x16_4_1x1_intrawave_v1,14.03,1761.41,0.0
gfx950,256,4,6144,3072,ck,7,0,10.6799,a8w8_blockscale_bpreshuffle_1x128x128_256x16x64x256_16x16_16x16_16x16x1_16x16x1_1x16x1x16_4_1x1_intrawave_v1,14.14,1773.03,0.0
gfx950,256,4,6144,4096,ck,7,0,11.4,a8w8_blockscale_bpreshuffle_1x128x128_256x16x64x256_16x16_16x16_16x16x1_16x16x1_1x16x1x16_4_1x1_intrawave_v1,17.66,2213.28,0.0
gfx950,256,4,6144,6144,ck,7,0,16.0479,a8w8_blockscale_bpreshuffle_1x128x128_256x16x64x256_16x16_16x16_16x16x1_16x16x1_1x16x1x16_4_1x1_intrawave_v1,18.82,2356.85,0.0
gfx950,256,4,6144,12288,ck,7,0,29.863,a8w8_blockscale_bpreshuffle_1x128x128_256x16x64x256_16x16_16x16_16x16x1_16x16x1_1x16x1x16_4_1x1_intrawave_v1,20.23,2531.42,0.0
gfx950,256,4,6144,16384,ck,7,0,38.9708,a8w8_blockscale_bpreshuffle_1x128x128_256x16x64x256_16x16_16x16_16x16x1_16x16x1_1x16x1x16_4_1x1_intrawave_v1,20.66,2585.99,0.0
gfx950,256,6,6144,512,ck,7,0,3.5582,a8w8_blockscale_bpreshuffle_1x128x128_256x16x64x256_16x16_16x16_16x16x1_16x16x1_1x16x1x16_4_1x1_intrawave_v1,10.61,905.66,0.0
gfx950,256,6,6144,1536,ck,7,0,6.6055,a8w8_blockscale_bpreshuffle_1x128x128_256x16x64x256_16x16_16x16_16x16x1_16x16x1_1x16x1x16_4_1x1_intrawave_v1,17.14,1441.24,0.0
gfx950,256,6,6144,2048,ck,7,0,6.6205,a8w8_blockscale_bpreshuffle_1x128x128_256x16x64x256_16x16_16x16_16x16x1_16x16x1_1x16x1x16_4_1x1_intrawave_v1,22.81,1913.59,0.0
gfx950,256,6,6144,3072,ck,7,0,10.3362,a8w8_blockscale_bpreshuffle_1x128x128_256x16x64x256_16x16_16x16_16x16x1_16x16x1_1x16x1x16_4_1x1_intrawave_v1,21.91,1834.96,0.0
gfx950,256,6,6144,4096,ck,7,0,11.2809,a8w8_blockscale_bpreshuffle_1x128x128_256x16x64x256_16x16_16x16_16x16x1_16x16x1_1x16x1x16_4_1x1_intrawave_v1,26.77,2239.55,0.0
gfx950,256,6,6144,6144,ck,7,0,15.8009,a8w8_blockscale_bpreshuffle_1x128x128_256x16x64x256_16x16_16x16_16x16x1_16x16x1_1x16x1x16_4_1x1_intrawave_v1,28.67,2396.02,0.0
gfx950,256,6,6144,12288,ck,7,0,29.8645,a8w8_blockscale_bpreshuffle_1x128x128_256x16x64x256_16x16_16x16_16x16x1_16x16x1_1x16x1x16_4_1x1_intrawave_v1,30.34,2532.94,0.0
gfx950,256,6,6144,16384,ck,7,0,39.1318,a8w8_blockscale_bpreshuffle_1x128x128_256x16x64x256_16x16_16x16_16x16x1_16x16x1_1x16x1x16_4_1x1_intrawave_v1,30.87,2576.81,0.0
gfx950,256,8,6144,512,ck,7,0,3.5871,a8w8_blockscale_bpreshuffle_1x128x128_256x16x64x256_16x16_16x16_16x16x1_16x16x1_1x16x1x16_4_1x1_intrawave_v1,14.03,905.5,0.0
gfx950,256,8,6144,1536,ck,7,0,6.417,a8w8_blockscale_bpreshuffle_1x128x128_256x16x64x256_16x16_16x16_16x16x1_16x16x1_1x16x1x16_4_1x1_intrawave_v1,23.53,1487.89,0.0
gfx950,256,8,6144,2048,ck,7,0,6.7754,a8w8_blockscale_bpreshuffle_1x128x128_256x16x64x256_16x16_16x16_16x16x1_16x16x1_1x16x1x16_4_1x1_intrawave_v1,29.71,1874.07,0.0
gfx950,256,8,6144,3072,ck,7,0,9.9141,a8w8_blockscale_bpreshuffle_1x128x128_256x16x64x256_16x16_16x16_16x16x1_16x16x1_1x16x1x16_4_1x1_intrawave_v1,30.46,1916.18,0.0
gfx950,256,8,6144,4096,ck,7,0,11.7893,a8w8_blockscale_bpreshuffle_1x128x128_256x16x64x256_16x16_16x16_16x16x1_16x16x1_1x16x1x16_4_1x1_intrawave_v1,34.15,2145.75,0.0
gfx950,256,8,6144,6144,ck,7,0,16.0627,a8w8_blockscale_bpreshuffle_1x128x128_256x16x64x256_16x16_16x16_16x16x1_16x16x1_1x16x1x16_4_1x1_intrawave_v1,37.6,2359.27,0.0
gfx950,256,8,6144,12288,ck,7,0,29.8995,a8w8_blockscale_bpreshuffle_1x128x128_256x16x64x256_16x16_16x16_16x16x1_16x16x1_1x16x1x16_4_1x1_intrawave_v1,40.4,2531.62,0.0
gfx950,256,8,6144,16384,ck,7,0,38.7354,a8w8_blockscale_bpreshuffle_1x128x128_256x16x64x256_16x16_16x16_16x16x1_16x16x1_1x16x1x16_4_1x1_intrawave_v1,41.58,2604.66,0.0
gfx950,256,12,6144,512,ck,7,0,3.5861,a8w8_blockscale_bpreshuffle_1x128x128_256x16x64x256_16x16_16x16_16x16x1_16x16x1_1x16x1x16_4_1x1_intrawave_v1,21.05,920.03,0.0
gfx950,256,12,6144,1536,ck,7,0,6.7162,a8w8_blockscale_bpreshuffle_1x128x128_256x16x64x256_16x16_16x16_16x16x1_16x16x1_1x16x1x16_4_1x1_intrawave_v1,33.72,1429.84,0.0
gfx950,256,12,6144,2048,ck,7,0,6.8425,a8w8_blockscale_bpreshuffle_1x128x128_256x16x64x256_16x16_16x16_16x16x1_16x16x1_1x16x1x16_4_1x1_intrawave_v1,44.13,1864.08,0.0
gfx950,256,12,6144,3072,ck,7,0,9.7645,a8w8_blockscale_bpreshuffle_1x128x128_256x16x64x256_16x16_16x16_16x16x1_16x16x1_1x16x1x16_4_1x1_intrawave_v1,46.39,1951.83,0.0
gfx950,256,12,6144,4096,ck,7,0,11.6575,a8w8_blockscale_bpreshuffle_1x128x128_256x16x64x256_16x16_16x16_16x16x1_16x16x1_1x16x1x16_4_1x1_intrawave_v1,51.81,2175.63,0.0
gfx950,256,12,6144,6144,ck,7,0,15.9527,a8w8_blockscale_bpreshuffle_1x128x128_256x16x64x256_16x16_16x16_16x16x1_16x16x1_1x16x1x16_4_1x1_intrawave_v1,56.79,2380.16,0.0
gfx950,256,12,6144,12288,ck,7,0,29.8866,a8w8_blockscale_bpreshuffle_1x128x128_256x16x64x256_16x16_16x16_16x16x1_16x16x1_1x16x1x16_4_1x1_intrawave_v1,60.63,2536.0,0.0
gfx950,256,12,6144,16384,ck,7,0,39.506,a8w8_blockscale_bpreshuffle_1x128x128_256x16x64x256_16x16_16x16_16x16x1_16x16x1_1x16x1x16_4_1x1_intrawave_v1,61.15,2556.76,0.0
gfx950,256,16,6144,512,ck,7,0,3.5574,a8w8_blockscale_bpreshuffle_1x128x128_256x16x64x256_16x16_16x16_16x16x1_16x16x1_1x16x1x16_4_1x1_intrawave_v1,28.3,941.85,0.0
gfx950,256,16,6144,1536,ck,7,0,6.8212,a8w8_blockscale_bpreshuffle_1x128x128_256x16x64x256_16x16_16x16_16x16x1_16x16x1_1x16x1x16_4_1x1_intrawave_v1,44.27,1415.93,0.0
gfx950,256,16,6144,2048,ck,7,0,7.127,a8w8_blockscale_bpreshuffle_1x128x128_256x16x64x256_16x16_16x16_16x16x1_16x16x1_1x16x1x16_4_1x1_intrawave_v1,56.5,1797.71,0.0
gfx950,256,16,6144,3072,ck,7,0,9.9118,a8w8_blockscale_bpreshuffle_1x128x128_256x16x64x256_16x16_16x16_16x16x1_16x16x1_1x16x1x16_4_1x1_intrawave_v1,60.94,1929.03,0.0
gfx950,256,16,6144,4096,ck,7,0,11.2101,a8w8_blockscale_bpreshuffle_1x128x128_256x16x64x256_16x16_16x16_16x16x1_16x16x1_1x16x1x16_4_1x1_intrawave_v1,71.84,2268.31,0.0
gfx950,256,16,6144,6144,ck,7,0,15.672,a8w8_blockscale_bpreshuffle_1x128x128_256x16x64x256_16x16_16x16_16x16x1_16x16x1_1x16x1x16_4_1x1_intrawave_v1,77.08,2427.49,0.0
gfx950,256,16,6144,12288,ck,7,0,29.5884,a8w8_blockscale_bpreshuffle_1x128x128_256x16x64x256_16x16_16x16_16x16x1_16x16x1_1x16x1x16_4_1x1_intrawave_v1,81.65,2564.88,0.0
gfx950,256,16,6144,16384,ck,7,0,38.9606,a8w8_blockscale_bpreshuffle_1x128x128_256x16x64x256_16x16_16x16_16x16x1_16x16x1_1x16x1x16_4_1x1_intrawave_v1,82.68,2595.5,0.0
gfx950,256,18,6144,512,ck,7,0,4.4103,a8w8_blockscale_bpreshuffle_1x128x128_256x16x64x256_16x16_16x16_16x16x1_16x16x1_1x16x1x16_4_1x1_intrawave_v1,25.68,765.51,0.0
gfx950,256,18,6144,1536,ck,7,0,6.5479,a8w8_blockscale_bpreshuffle_1x128x128_256x16x64x256_16x16_16x16_16x16x1_16x16x1_1x16x1x16_4_1x1_intrawave_v1,51.89,1479.26,0.0
gfx950,256,18,6144,2048,ck,7,0,6.9154,a8w8_blockscale_bpreshuffle_1x128x128_256x16x64x256_16x16_16x16_16x16x1_16x16x1_1x16x1x16_4_1x1_intrawave_v1,65.5,1856.86,0.0
gfx950,256,18,6144,3072,ck,7,0,9.7865,a8w8_blockscale_bpreshuffle_1x128x128_256x16x64x256_16x16_16x16_16x16x1_16x16x1_1x16x1x16_4_1x1_intrawave_v1,69.43,1956.86,0.0
gfx950,256,18,6144,4096,ck,7,0,11.2602,a8w8_blockscale_bpreshuffle_1x128x128_256x16x64x256_16x16_16x16_16x16x1_16x16x1_1x16x1x16_4_1x1_intrawave_v1,80.46,2261.13,0.0
gfx950,256,18,6144,6144,ck,7,0,15.8558,a8w8_blockscale_bpreshuffle_1x128x128_256x16x64x256_16x16_16x16_16x16x1_16x16x1_1x16x1x16_4_1x1_intrawave_v1,85.71,2401.68,0.0
gfx950,256,18,6144,12288,ck,7,0,29.8173,a8w8_blockscale_bpreshuffle_1x128x128_256x16x64x256_16x16_16x16_16x16x1_16x16x1_1x16x1x16_4_1x1_intrawave_v1,91.15,2546.84,0.0
gfx950,256,18,6144,16384,ck,7,0,38.4713,a8w8_blockscale_bpreshuffle_1x128x128_256x16x64x256_16x16_16x16_16x16x1_16x16x1_1x16x1x16_4_1x1_intrawave_v1,94.2,2630.0,0.0
gfx950,256,24,6144,512,ck,7,0,3.8258,a8w8_blockscale_bpreshuffle_1x128x128_256x16x64x256_16x16_16x16_16x16x1_16x16x1_1x16x1x16_4_1x1_intrawave_v1,39.47,902.54,0.0
gfx950,256,24,6144,1536,ck,7,0,6.3995,a8w8_blockscale_bpreshuffle_1x128x128_256x16x64x256_16x16_16x16_16x16x1_16x16x1_1x16x1x16_4_1x1_intrawave_v1,70.78,1526.52,0.0
gfx950,256,24,6144,2048,ck,7,0,7.8439,a8w8_blockscale_bpreshuffle_1x128x128_256x16x64x256_16x16_16x16_16x16x1_16x16x1_1x16x1x16_4_1x1_intrawave_v1,77.0,1648.03,0.0
gfx950,256,24,6144,3072,ck,7,0,10.4391,a8w8_blockscale_bpreshuffle_1x128x128_256x16x64x256_16x16_16x16_16x16x1_16x16x1_1x16x1x16_4_1x1_intrawave_v1,86.79,1843.36,0.0
gfx950,256,24,6144,4096,ck,7,0,11.709,a8w8_blockscale_bpreshuffle_1x128x128_256x16x64x256_16x16_16x16_16x16x1_16x16x1_1x16x1x16_4_1x1_intrawave_v1,103.17,2182.85,0.0
gfx950,256,24,6144,6144,ck,7,0,16.0288,a8w8_blockscale_bpreshuffle_1x128x128_256x16x64x256_16x16_16x16_16x16x1_16x16x1_1x16x1x16_4_1x1_intrawave_v1,113.04,2382.66,0.0
gfx950,256,24,6144,12288,ck,7,0,29.6704,a8w8_blockscale_bpreshuffle_1x128x128_256x16x64x256_16x16_16x16_16x16x1_16x16x1_1x16x1x16_4_1x1_intrawave_v1,122.14,2564.42,0.0
gfx950,256,24,6144,16384,ck,7,0,38.5758,a8w8_blockscale_bpreshuffle_1x128x128_256x16x64x256_16x16_16x16_16x16x1_16x16x1_1x16x1x16_4_1x1_intrawave_v1,125.26,2627.33,0.0
gfx950,256,32,6144,512,ck,7,0,4.4018,a8w8_blockscale_bpreshuffle_1x128x128_256x16x64x256_16x16_16x16_16x16x1_16x16x1_1x16x1x16_4_1x1_intrawave_v1,45.74,807.7,0.0
gfx950,256,32,6144,1536,ck,7,0,6.6624,a8w8_blockscale_bpreshuffle_1x128x128_256x16x64x256_16x16_16x16_16x16x1_16x16x1_1x16x1x16_4_1x1_intrawave_v1,90.65,1482.88,0.0
gfx950,256,32,6144,2048,ck,7,0,6.8588,a8w8_blockscale_bpreshuffle_1x128x128_256x16x64x256_16x16_16x16_16x16x1_16x16x1_1x16x1x16_4_1x1_intrawave_v1,117.41,1901.45,0.0
gfx950,256,32,6144,3072,ck,12,0,10.3723,a8w8_blockscale_bpreshuffle_1x128x128_256x32x64x256_16x16_16x16_16x16x1_16x16x1_1x32x1x8_8_2x1_intrawave_v1,116.46,1867.08,0.0
gfx950,256,32,6144,4096,ck,7,0,11.3231,a8w8_blockscale_bpreshuffle_1x128x128_256x16x64x256_16x16_16x16_16x16x1_16x16x1_1x16x1x16_4_1x1_intrawave_v1,142.24,2268.82,0.0
gfx950,256,32,6144,6144,ck,7,0,15.7004,a8w8_blockscale_bpreshuffle_1x128x128_256x16x64x256_16x16_16x16_16x16x1_16x16x1_1x16x1x16_4_1x1_intrawave_v1,153.88,2441.88,0.0
gfx950,256,32,6144,12288,ck,7,0,29.6174,a8w8_blockscale_bpreshuffle_1x128x128_256x16x64x256_16x16_16x16_16x16x1_16x16x1_1x16x1x16_4_1x1_intrawave_v1,163.14,2575.64,0.0
gfx950,256,32,6144,16384,ck,7,0,38.2118,a8w8_blockscale_bpreshuffle_1x128x128_256x16x64x256_16x16_16x16_16x16x1_16x16x1_1x16x1x16_4_1x1_intrawave_v1,168.6,2658.36,0.0
gfx950,256,36,6144,512,ck,12,0,4.7162,a8w8_blockscale_bpreshuffle_1x128x128_256x32x64x256_16x16_16x16_16x16x1_16x16x1_1x32x1x8_8_2x1_intrawave_v1,48.02,764.71,0.0
gfx950,256,36,6144,1536,ck,7,0,6.6781,a8w8_blockscale_bpreshuffle_1x128x128_256x16x64x256_16x16_16x16_16x16x1_16x16x1_1x16x1x16_4_1x1_intrawave_v1,101.75,1487.68,0.0
gfx950,256,36,6144,2048,ck,7,0,8.7391,a8w8_blockscale_bpreshuffle_1x128x128_256x16x64x256_16x16_16x16_16x16x1_16x16x1_1x16x1x16_4_1x1_intrawave_v1,103.67,1498.9,0.0
gfx950,256,36,6144,3072,ck,7,0,10.2033,a8w8_blockscale_bpreshuffle_1x128x128_256x16x64x256_16x16_16x16_16x16x1_16x16x1_1x16x1x16_4_1x1_intrawave_v1,133.19,1904.02,0.0
gfx950,256,36,6144,4096,ck,7,0,12.5995,a8w8_blockscale_bpreshuffle_1x128x128_256x16x64x256_16x16_16x16_16x16x1_16x16x1_1x16x1x16_4_1x1_intrawave_v1,143.81,2044.18,0.0
gfx950,256,36,6144,6144,ck,7,0,17.5213,a8w8_blockscale_bpreshuffle_1x128x128_256x16x64x256_16x16_16x16_16x16x1_16x16x1_1x16x1x16_4_1x1_intrawave_v1,155.12,2192.32,0.0
gfx950,256,36,6144,12288,ck,7,0,32.6597,a8w8_blockscale_bpreshuffle_1x128x128_256x16x64x256_16x16_16x16_16x16x1_16x16x1_1x16x1x16_4_1x1_intrawave_v1,166.44,2338.73,0.0
gfx950,256,36,6144,16384,ck,7,0,42.342,a8w8_blockscale_bpreshuffle_1x128x128_256x16x64x256_16x16_16x16_16x16x1_16x16x1_1x16x1x16_4_1x1_intrawave_v1,171.17,2401.76,0.0
gfx950,256,40,6144,512,ck,7,0,4.1499,a8w8_blockscale_bpreshuffle_1x128x128_256x16x64x256_16x16_16x16_16x16x1_16x16x1_1x16x1x16_4_1x1_intrawave_v1,60.64,881.4,0.0
gfx950,256,40,6144,1536,ck,7,0,7.1099,a8w8_blockscale_bpreshuffle_1x128x128_256x16x64x256_16x16_16x16_16x16x1_16x16x1_1x16x1x16_4_1x1_intrawave_v1,106.19,1405.1,0.0
gfx950,256,40,6144,2048,ck,7,0,7.9732,a8w8_blockscale_bpreshuffle_1x128x128_256x16x64x256_16x16_16x16_16x16x1_16x16x1_1x16x1x16_4_1x1_intrawave_v1,126.25,1650.07,0.0
gfx950,256,40,6144,3072,ck,7,0,10.2715,a8w8_blockscale_bpreshuffle_1x128x128_256x16x64x256_16x16_16x16_16x16x1_16x16x1_1x16x1x16_4_1x1_intrawave_v1,147.0,1897.36,0.0
gfx950,256,40,6144,4096,ck,7,0,12.4995,a8w8_blockscale_bpreshuffle_1x128x128_256x16x64x256_16x16_16x16_16x16x1_16x16x1_1x16x1x16_4_1x1_intrawave_v1,161.07,2065.78,0.0
gfx950,256,40,6144,6144,ck,7,0,17.4694,a8w8_blockscale_bpreshuffle_1x128x128_256x16x64x256_16x16_16x16_16x16x1_16x16x1_1x16x1x16_4_1x1_intrawave_v1,172.87,2203.05,0.0
gfx950,256,40,6144,12288,ck,7,0,32.5726,a8w8_blockscale_bpreshuffle_1x128x128_256x16x64x256_16x16_16x16_16x16x1_16x16x1_1x16x1x16_4_1x1_intrawave_v1,185.43,2348.0,0.0
gfx950,256,40,6144,16384,ck,7,0,42.8377,a8w8_blockscale_bpreshuffle_1x128x128_256x16x64x256_16x16_16x16_16x16x1_16x16x1_1x16x1x16_4_1x1_intrawave_v1,187.99,2376.65,0.0
gfx950,256,42,6144,512,ck,12,0,4.1574,a8w8_blockscale_bpreshuffle_1x128x128_256x32x64x256_16x16_16x16_16x16x1_16x16x1_1x32x1x8_8_2x1_intrawave_v1,63.56,885.97,0.0
gfx950,256,42,6144,1536,ck,7,0,7.1872,a8w8_blockscale_bpreshuffle_1x128x128_256x16x64x256_16x16_16x16_16x16x1_16x16x1_1x16x1x16_4_1x1_intrawave_v1,110.3,1393.84,0.0
gfx950,256,42,6144,2048,ck,7,0,8.4063,a8w8_blockscale_bpreshuffle_1x128x128_256x16x64x256_16x16_16x16_16x16x1_16x16x1_1x16x1x16_4_1x1_intrawave_v1,125.73,1568.47,0.0
gfx950,256,42,6144,3072,ck,7,0,10.3366,a8w8_blockscale_bpreshuffle_1x128x128_256x16x64x256_16x16_16x16_16x16x1_16x16x1_1x16x1x16_4_1x1_intrawave_v1,153.38,1888.39,0.0
gfx950,256,42,6144,4096,ck,7,0,12.6883,a8w8_blockscale_bpreshuffle_1x128x128_256x16x64x256_16x16_16x16_16x16x1_16x16x1_1x16x1x16_4_1x1_intrawave_v1,166.6,2037.62,0.0
gfx950,256,42,6144,6144,ck,7,0,17.7319,a8w8_blockscale_bpreshuffle_1x128x128_256x16x64x256_16x16_16x16_16x16x1_16x16x1_1x16x1x16_4_1x1_intrawave_v1,178.82,2172.52,0.0
gfx950,256,42,6144,12288,ck,7,0,33.0026,a8w8_blockscale_bpreshuffle_1x128x128_256x16x64x256_16x16_16x16_16x16x1_16x16x1_1x16x1x16_4_1x1_intrawave_v1,192.16,2318.9,0.0
gfx950,256,42,6144,16384,ck,7,0,42.3016,a8w8_blockscale_bpreshuffle_1x128x128_256x16x64x256_16x16_16x16_16x16x1_16x16x1_1x16x1x16_4_1x1_intrawave_v1,199.89,2408.12,0.0
gfx950,256,48,6144,512,ck,6,0,4.1332,a8w8_blockscale_bpreshuffle_1x128x128_256x16x128x256_16x16_16x16_16x16x1_16x16x1_1x16x1x16_8_1x2_intrawave_v1,73.06,909.74,0.0
gfx950,256,48,6144,1536,ck,7,0,6.7679,a8w8_blockscale_bpreshuffle_1x128x128_256x16x64x256_16x16_16x16_16x16x1_16x16x1_1x16x1x16_4_1x1_intrawave_v1,133.86,1492.45,0.0
gfx950,256,48,6144,2048,ck,7,0,9.2043,a8w8_blockscale_bpreshuffle_1x128x128_256x16x64x256_16x16_16x16_16x16x1_16x16x1_1x16x1x16_4_1x1_intrawave_v1,131.24,1441.83,0.0
gfx950,256,48,6144,3072,ck,7,0,10.2768,a8w8_blockscale_bpreshuffle_1x128x128_256x16x64x256_16x16_16x16_16x16x1_16x16x1_1x16x1x16_4_1x1_intrawave_v1,176.31,1908.34,0.0
gfx950,256,48,6144,4096,ck,7,0,12.6474,a8w8_blockscale_bpreshuffle_1x128x128_256x16x64x256_16x16_16x16_16x16x1_16x16x1_1x16x1x16_4_1x1_intrawave_v1,191.02,2051.98,0.0
gfx950,256,48,6144,6144,ck,7,0,17.8422,a8w8_blockscale_bpreshuffle_1x128x128_256x16x64x256_16x16_16x16_16x16x1_16x16x1_1x16x1x16_4_1x1_intrawave_v1,203.11,2165.29,0.0
gfx950,256,48,6144,12288,ck,7,0,33.2584,a8w8_blockscale_bpreshuffle_1x128x128_256x16x64x256_16x16_16x16_16x16x1_16x16x1_1x16x1x16_4_1x1_intrawave_v1,217.92,2305.5,0.0
gfx950,256,48,6144,16384,ck,7,0,43.0843,a8w8_blockscale_bpreshuffle_1x128x128_256x16x64x256_16x16_16x16_16x16x1_16x16x1_1x16x1x16_4_1x1_intrawave_v1,224.3,2368.37,0.0
gfx950,256,56,6144,512,ck,12,0,4.8119,a8w8_blockscale_bpreshuffle_1x128x128_256x32x64x256_16x16_16x16_16x16x1_16x16x1_1x32x1x8_8_2x1_intrawave_v1,73.22,802.7,0.0
gfx950,256,56,6144,1536,ck,6,0,6.9463,a8w8_blockscale_bpreshuffle_1x128x128_256x16x128x256_16x16_16x16_16x16x1_16x16x1_1x16x1x16_8_1x2_intrawave_v1,152.16,1470.04,0.0
gfx950,256,56,6144,2048,ck,7,0,9.5267,a8w8_blockscale_bpreshuffle_1x128x128_256x16x64x256_16x16_16x16_16x16x1_16x16x1_1x16x1x16_4_1x1_intrawave_v1,147.93,1405.07,0.0
gfx950,256,56,6144,3072,ck,7,0,10.4024,a8w8_blockscale_bpreshuffle_1x128x128_256x16x64x256_16x16_16x16_16x16x1_16x16x1_1x16x1x16_4_1x1_intrawave_v1,203.22,1897.11,0.0
gfx950,256,56,6144,4096,ck,7,0,13.0018,a8w8_blockscale_bpreshuffle_1x128x128_256x16x64x256_16x16_16x16_16x16x1_16x16x1_1x16x1x16_4_1x1_intrawave_v1,216.78,2006.13,0.0
gfx950,256,56,6144,6144,ck,7,0,18.0439,a8w8_blockscale_bpreshuffle_1x128x128_256x16x64x256_16x16_16x16_16x16x1_16x16x1_1x16x1x16_4_1x1_intrawave_v1,234.31,2149.25,0.0
gfx950,256,56,6144,12288,ck,7,0,33.5776,a8w8_blockscale_bpreshuffle_1x128x128_256x16x64x256_16x16_16x16_16x16x1_16x16x1_1x16x1x16_4_1x1_intrawave_v1,251.83,2289.43,0.0
gfx950,256,56,6144,16384,ck,6,0,42.9973,a8w8_blockscale_bpreshuffle_1x128x128_256x16x128x256_16x16_16x16_16x16x1_16x16x1_1x16x1x16_8_1x2_intrawave_v1,262.21,2378.5,0.0
gfx950,256,60,6144,512,ck,6,0,4.1844,a8w8_blockscale_bpreshuffle_1x128x128_256x16x128x256_16x16_16x16_16x16x1_16x16x1_1x16x1x16_8_1x2_intrawave_v1,90.21,935.31,0.0
gfx950,256,60,6144,1536,ck,6,0,6.9986,a8w8_blockscale_bpreshuffle_1x128x128_256x16x128x256_16x16_16x16_16x16x1_16x16x1_1x16x1x16_8_1x2_intrawave_v1,161.81,1466.95,0.0
gfx950,256,60,6144,2048,ck,6,0,8.4991,a8w8_blockscale_bpreshuffle_1x128x128_256x16x128x256_16x16_16x16_16x16x1_16x16x1_1x16x1x16_8_1x2_intrawave_v1,177.66,1581.71,0.0
gfx950,256,60,6144,3072,ck,7,0,10.5309,a8w8_blockscale_bpreshuffle_1x128x128_256x16x64x256_16x16_16x16_16x16x1_16x16x1_1x16x1x16_4_1x1_intrawave_v1,215.07,1879.8,0.0
gfx950,256,60,6144,4096,ck,6,0,13.0685,a8w8_blockscale_bpreshuffle_1x128x128_256x16x128x256_16x16_16x16_16x16x1_16x16x1_1x16x1x16_8_1x2_intrawave_v1,231.08,2000.91,0.0
gfx950,256,60,6144,6144,ck,6,0,18.2493,a8w8_blockscale_bpreshuffle_1x128x128_256x16x128x256_16x16_16x16_16x16x1_16x16x1_1x16x1x16_8_1x2_intrawave_v1,248.22,2129.1,0.0
gfx950,256,60,6144,12288,ck,6,0,34.3309,a8w8_blockscale_bpreshuffle_1x128x128_256x16x128x256_16x16_16x16_16x16x1_16x16x1_1x16x1x16_8_1x2_intrawave_v1,263.89,2242.06,0.0
gfx950,256,60,6144,16384,ck,6,0,43.2695,a8w8_blockscale_bpreshuffle_1x128x128_256x16x128x256_16x16_16x16_16x16x1_16x16x1_1x16x1x16_8_1x2_intrawave_v1,279.17,2366.18,0.0
gfx950,256,64,6144,512,ck,12,0,4.1362,a8w8_blockscale_bpreshuffle_1x128x128_256x32x64x256_16x16_16x16_16x16x1_16x16x1_1x32x1x8_8_2x1_intrawave_v1,97.35,958.59,0.0
gfx950,256,64,6144,1536,ck,7,0,6.8328,a8w8_blockscale_bpreshuffle_1x128x128_256x16x64x256_16x16_16x16_16x16x1_16x16x1_1x16x1x16_4_1x1_intrawave_v1,176.79,1510.64,0.0
gfx950,256,64,6144,2048,ck,12,0,8.4998,a8w8_blockscale_bpreshuffle_1x128x128_256x32x64x256_16x16_16x16_16x16x1_16x16x1_1x32x1x8_8_2x1_intrawave_v1,189.49,1588.32,0.0
gfx950,256,64,6144,3072,ck,12,0,10.0262,a8w8_blockscale_bpreshuffle_1x128x128_256x32x64x256_16x16_16x16_16x16x1_16x16x1_1x32x1x8_8_2x1_intrawave_v1,240.96,1980.55,0.0
gfx950,256,64,6144,4096,ck,12,0,12.4231,a8w8_blockscale_bpreshuffle_1x128x128_256x32x64x256_16x16_16x16_16x16x1_16x16x1_1x32x1x8_8_2x1_intrawave_v1,259.29,2110.13,0.0
gfx950,256,64,6144,6144,ck,12,0,17.0251,a8w8_blockscale_bpreshuffle_1x128x128_256x32x64x256_16x16_16x16_16x16x1_16x16x1_1x32x1x8_8_2x1_intrawave_v1,283.81,2286.53,0.0
gfx950,256,64,6144,12288,ck,12,0,31.3851,a8w8_blockscale_bpreshuffle_1x128x128_256x32x64x256_16x16_16x16_16x16x1_16x16x1_1x32x1x8_8_2x1_intrawave_v1,307.91,2455.63,0.0
gfx950,256,64,6144,16384,ck,12,0,40.5997,a8w8_blockscale_bpreshuffle_1x128x128_256x32x64x256_16x16_16x16_16x16x1_16x16x1_1x32x1x8_8_2x1_intrawave_v1,317.36,2524.61,0.0
gfx950,256,66,6144,512,ck,7,0,4.9378,a8w8_blockscale_bpreshuffle_1x128x128_256x16x64x256_16x16_16x16_16x16x1_16x16x1_1x16x1x16_4_1x1_intrawave_v1,84.09,808.16,0.0
gfx950,256,66,6144,1536,ck,7,0,7.1693,a8w8_blockscale_bpreshuffle_1x128x128_256x16x64x256_16x16_16x16_16x16x1_16x16x1_1x16x1x16_4_1x1_intrawave_v1,173.76,1443.6,0.0
gfx950,256,66,6144,2048,ck,7,0,8.6802,a8w8_blockscale_bpreshuffle_1x128x128_256x16x64x256_16x16_16x16_16x16x1_16x16x1_1x16x1x16_4_1x1_intrawave_v1,191.35,1558.61,0.0
gfx950,256,66,6144,3072,ck,7,0,11.1514,a8w8_blockscale_bpreshuffle_1x128x128_256x16x64x256_16x16_16x16_16x16x1_16x16x1_1x16x1x16_4_1x1_intrawave_v1,223.42,1783.46,0.0
gfx950,256,66,6144,4096,ck,7,0,14.3767,a8w8_blockscale_bpreshuffle_1x128x128_256x16x64x256_16x16_16x16_16x16x1_16x16x1_1x16x1x16_4_1x1_intrawave_v1,231.06,1825.67,0.0
gfx950,256,66,6144,6144,ck,7,0,20.0283,a8w8_blockscale_bpreshuffle_1x128x128_256x16x64x256_16x16_16x16_16x16x1_16x16x1_1x16x1x16_4_1x1_intrawave_v1,248.79,1945.51,0.0
gfx950,256,66,6144,12288,ck,7,0,37.5764,a8w8_blockscale_bpreshuffle_1x128x128_256x16x64x256_16x16_16x16_16x16x1_16x16x1_1x16x1x16_4_1x1_intrawave_v1,265.21,2052.34,0.0
gfx950,256,66,6144,16384,ck,7,0,49.3441,a8w8_blockscale_bpreshuffle_1x128x128_256x16x64x256_16x16_16x16_16x16x1_16x16x1_1x16x1x16_4_1x1_intrawave_v1,269.28,2078.38,0.0
gfx950,256,72,6144,512,ck,7,0,4.8867,a8w8_blockscale_bpreshuffle_1x128x128_256x16x64x256_16x16_16x16_16x16x1_16x16x1_1x16x1x16_4_1x1_intrawave_v1,92.7,832.33,0.0
gfx950,256,72,6144,1536,ck,7,0,6.6121,a8w8_blockscale_bpreshuffle_1x128x128_256x16x64x256_16x16_16x16_16x16x1_16x16x1_1x16x1x16_4_1x1_intrawave_v1,205.53,1577.79,0.0
gfx950,256,72,6144,2048,ck,7,0,9.4739,a8w8_blockscale_bpreshuffle_1x128x128_256x16x64x256_16x16_16x16_16x16x1_16x16x1_1x16x1x16_4_1x1_intrawave_v1,191.26,1437.12,0.0
gfx950,256,72,6144,3072,ck,7,0,11.267,a8w8_blockscale_bpreshuffle_1x128x128_256x16x64x256_16x16_16x16_16x16x1_16x16x1_1x16x1x16_4_1x1_intrawave_v1,241.23,1773.35,0.0
gfx950,256,72,6144,4096,ck,7,0,14.4519,a8w8_blockscale_bpreshuffle_1x128x128_256x16x64x256_16x16_16x16_16x16x1_16x16x1_1x16x1x16_4_1x1_intrawave_v1,250.75,1822.98,0.0
gfx950,256,72,6144,6144,ck,7,0,20.1161,a8w8_blockscale_bpreshuffle_1x128x128_256x16x64x256_16x16_16x16_16x16x1_16x16x1_1x16x1x16_4_1x1_intrawave_v1,270.22,1942.52,0.0
gfx950,256,72,6144,12288,ck,7,0,37.7002,a8w8_blockscale_bpreshuffle_1x128x128_256x16x64x256_16x16_16x16_16x16x1_16x16x1_1x16x1x16_4_1x1_intrawave_v1,288.37,2049.51,0.0
gfx950,256,72,6144,16384,ck,7,0,49.6093,a8w8_blockscale_bpreshuffle_1x128x128_256x16x64x256_16x16_16x16_16x16x1_16x16x1_1x16x1x16_4_1x1_intrawave_v1,292.19,2070.73,0.0
gfx950,256,80,6144,512,ck,7,0,4.3759,a8w8_blockscale_bpreshuffle_1x128x128_256x16x64x256_16x16_16x16_16x16x1_16x16x1_1x16x1x16_4_1x1_intrawave_v1,115.02,952.88,0.0
gfx950,256,80,6144,1536,ck,6,0,7.1242,a8w8_blockscale_bpreshuffle_1x128x128_256x16x128x256_16x16_16x16_16x16x1_16x16x1_1x16x1x16_8_1x2_intrawave_v1,211.95,1479.9,0.0
gfx950,256,80,6144,2048,ck,12,0,9.4119,a8w8_blockscale_bpreshuffle_1x128x128_256x32x64x256_16x16_16x16_16x16x1_16x16x1_1x32x1x8_8_2x1_intrawave_v1,213.91,1458.77,0.0
gfx950,256,80,6144,3072,ck,7,0,11.2884,a8w8_blockscale_bpreshuffle_1x128x128_256x16x64x256_16x16_16x16_16x16x1_16x16x1_1x16x1x16_4_1x1_intrawave_v1,267.52,1780.87,0.0
gfx950,256,80,6144,4096,ck,7,0,14.3074,a8w8_blockscale_bpreshuffle_1x128x128_256x16x64x256_16x16_16x16_16x16x1_16x16x1_1x16x1x16_4_1x1_intrawave_v1,281.43,1850.55,0.0
gfx950,256,80,6144,6144,ck,7,0,20.1821,a8w8_blockscale_bpreshuffle_1x128x128_256x16x64x256_16x16_16x16_16x16x1_16x16x1_1x16x1x16_4_1x1_intrawave_v1,299.27,1943.47,0.0
gfx950,256,80,6144,12288,ck,7,0,37.8148,a8w8_blockscale_bpreshuffle_1x128x128_256x16x64x256_16x16_16x16_16x16x1_16x16x1_1x16x1x16_4_1x1_intrawave_v1,319.44,2048.5,0.0
gfx950,256,80,6144,16384,ck,7,0,49.8576,a8w8_blockscale_bpreshuffle_1x128x128_256x16x64x256_16x16_16x16_16x16x1_16x16x1_1x16x1x16_4_1x1_intrawave_v1,323.04,2065.02,0.0
gfx950,256,84,6144,512,ck,7,0,4.6798,a8w8_blockscale_bpreshuffle_1x128x128_256x16x64x256_16x16_16x16_16x16x1_16x16x1_1x16x1x16_4_1x1_intrawave_v1,112.93,901.95,0.0
gfx950,256,84,6144,1536,ck,7,0,7.4294,a8w8_blockscale_bpreshuffle_1x128x128_256x16x64x256_16x16_16x16_16x16x1_16x16x1_1x16x1x16_4_1x1_intrawave_v1,213.4,1426.55,0.0
gfx950,256,84,6144,2048,ck,6,0,9.9507,a8w8_blockscale_bpreshuffle_1x128x128_256x16x128x256_16x16_16x16_16x16x1_16x16x1_1x16x1x16_8_1x2_intrawave_v1,212.44,1385.54,0.0
gfx950,256,84,6144,3072,ck,12,0,12.5368,a8w8_blockscale_bpreshuffle_1x128x128_256x32x64x256_16x16_16x16_16x16x1_16x16x1_1x32x1x8_8_2x1_intrawave_v1,252.93,1608.43,0.0
gfx950,256,84,6144,4096,ck,12,0,15.4079,a8w8_blockscale_bpreshuffle_1x128x128_256x32x64x256_16x16_16x16_16x16x1_16x16x1_1x32x1x8_8_2x1_intrawave_v1,274.4,1722.63,0.0
gfx950,256,84,6144,6144,ck,12,0,21.4647,a8w8_blockscale_bpreshuffle_1x128x128_256x32x64x256_16x16_16x16_16x16x1_16x16x1_1x32x1x8_8_2x1_intrawave_v1,295.45,1830.77,0.0
gfx950,256,84,6144,12288,ck,12,0,39.993,a8w8_blockscale_bpreshuffle_1x128x128_256x32x64x256_16x16_16x16_16x16x1_16x16x1_1x32x1x8_8_2x1_intrawave_v1,317.14,1939.39,0.0
gfx950,256,84,6144,16384,ck,12,0,51.8015,a8w8_blockscale_bpreshuffle_1x128x128_256x32x64x256_16x16_16x16_16x16x1_16x16x1_1x32x1x8_8_2x1_intrawave_v1,326.47,1989.74,0.0
gfx950,256,88,6144,512,ck,7,0,4.7252,a8w8_blockscale_bpreshuffle_1x128x128_256x16x64x256_16x16_16x16_16x16x1_16x16x1_1x16x1x16_4_1x1_intrawave_v1,117.17,904.12,0.0
gfx950,256,88,6144,1536,ck,7,0,7.8371,a8w8_blockscale_bpreshuffle_1x128x128_256x16x64x256_16x16_16x16_16x16x1_16x16x1_1x16x1x16_4_1x1_intrawave_v1,211.93,1359.39,0.0
gfx950,256,88,6144,2048,ck,6,0,9.2607,a8w8_blockscale_bpreshuffle_1x128x128_256x16x128x256_16x16_16x16_16x16x1_16x16x1_1x16x1x16_8_1x2_intrawave_v1,239.14,1494.97,0.0
gfx950,256,88,6144,3072,ck,12,0,12.5509,a8w8_blockscale_bpreshuffle_1x128x128_256x32x64x256_16x16_16x16_16x16x1_16x16x1_1x32x1x8_8_2x1_intrawave_v1,264.67,1611.52,0.0
gfx950,256,88,6144,4096,ck,12,0,15.4079,a8w8_blockscale_bpreshuffle_1x128x128_256x32x64x256_16x16_16x16_16x16x1_16x16x1_1x32x1x8_8_2x1_intrawave_v1,287.46,1726.88,0.0
gfx950,256,88,6144,6144,ck,12,0,21.4925,a8w8_blockscale_bpreshuffle_1x128x128_256x32x64x256_16x16_16x16_16x16x1_16x16x1_1x32x1x8_8_2x1_intrawave_v1,309.12,1831.84,0.0
gfx950,256,88,6144,12288,ck,12,0,40.0564,a8w8_blockscale_bpreshuffle_1x128x128_256x32x64x256_16x16_16x16_16x16x1_16x16x1_1x32x1x8_8_2x1_intrawave_v1,331.72,1938.77,0.0
gfx950,256,88,6144,16384,ck,12,0,51.7767,a8w8_blockscale_bpreshuffle_1x128x128_256x32x64x256_16x16_16x16_16x16x1_16x16x1_1x32x1x8_8_2x1_intrawave_v1,342.18,1992.91,0.0
gfx950,256,90,6144,512,ck,7,0,5.0559,a8w8_blockscale_bpreshuffle_1x128x128_256x16x64x256_16x16_16x16_16x16x1_16x16x1_1x16x1x16_4_1x1_intrawave_v1,111.99,850.04,0.0
gfx950,256,90,6144,1536,ck,7,0,8.0007,a8w8_blockscale_bpreshuffle_1x128x128_256x16x64x256_16x16_16x16_16x16x1_16x16x1_1x16x1x16_4_1x1_intrawave_v1,212.32,1335.05,0.0
gfx950,256,90,6144,2048,ck,12,0,10.0548,a8w8_blockscale_bpreshuffle_1x128x128_256x32x64x256_16x16_16x16_16x16x1_16x16x1_1x32x1x8_8_2x1_intrawave_v1,225.26,1379.75,0.0
gfx950,256,90,6144,3072,ck,12,0,12.6115,a8w8_blockscale_bpreshuffle_1x128x128_256x32x64x256_16x16_16x16_16x16x1_16x16x1_1x32x1x8_8_2x1_intrawave_v1,269.39,1606.21,0.0
gfx950,256,90,6144,4096,ck,12,0,15.5082,a8w8_blockscale_bpreshuffle_1x128x128_256x32x64x256_16x16_16x16_16x16x1_16x16x1_1x32x1x8_8_2x1_intrawave_v1,292.09,1717.83,0.0
gfx950,256,90,6144,6144,ck,12,0,21.5324,a8w8_blockscale_bpreshuffle_1x128x128_256x32x64x256_16x16_16x16_16x16x1_16x16x1_1x32x1x8_8_2x1_intrawave_v1,315.56,1830.15,0.0
gfx950,256,90,6144,12288,ck,12,0,40.2364,a8w8_blockscale_bpreshuffle_1x128x128_256x32x64x256_16x16_16x16_16x16x1_16x16x1_1x32x1x8_8_2x1_intrawave_v1,337.74,1931.32,0.0
gfx950,256,90,6144,16384,ck,12,0,52.4023,a8w8_blockscale_bpreshuffle_1x128x128_256x32x64x256_16x16_16x16_16x16x1_16x16x1_1x32x1x8_8_2x1_intrawave_v1,345.77,1970.21,0.0
gfx950,256,96,6144,512,ck,7,0,4.6664,a8w8_blockscale_bpreshuffle_1x128x128_256x16x64x256_16x16_16x16_16x16x1_16x16x1_1x16x1x16_4_1x1_intrawave_v1,129.43,937.45,0.0
gfx950,256,96,6144,1536,ck,7,0,7.876,a8w8_blockscale_bpreshuffle_1x128x128_256x16x64x256_16x16_16x16_16x16x1_16x16x1_1x16x1x16_4_1x1_intrawave_v1,230.06,1366.72,0.0
gfx950,256,96,6144,2048,ck,6,0,9.3287,a8w8_blockscale_bpreshuffle_1x128x128_256x16x128x256_16x16_16x16_16x16x1_16x16x1_1x16x1x16_8_1x2_intrawave_v1,258.98,1496.37,0.0
gfx950,256,96,6144,3072,ck,11,0,12.0755,a8w8_blockscale_bpreshuffle_1x128x128_256x32x128x256_16x16_16x16_16x16x1_16x16x1_1x32x1x8_8_2x1_intrawave_v1,300.1,1685.14,0.0
gfx950,256,96,6144,4096,ck,11,0,14.7409,a8w8_blockscale_bpreshuffle_1x128x128_256x32x128x256_16x16_16x16_16x16x1_16x16x1_1x32x1x8_8_2x1_intrawave_v1,327.78,1813.91,0.0
gfx950,256,96,6144,6144,ck,11,0,20.5769,a8w8_blockscale_bpreshuffle_1x128x128_256x32x128x256_16x16_16x16_16x16x1_16x16x1_1x32x1x8_8_2x1_intrawave_v1,352.23,1920.51,0.0
gfx950,256,96,6144,12288,ck,11,0,38.2334,a8w8_blockscale_bpreshuffle_1x128x128_256x32x128x256_16x16_16x16_16x16x1_16x16x1_1x32x1x8_8_2x1_intrawave_v1,379.13,2036.35,0.0
gfx950,256,96,6144,16384,ck,11,0,48.3829,a8w8_blockscale_bpreshuffle_1x128x128_256x32x128x256_16x16_16x16_16x16x1_16x16x1_1x32x1x8_8_2x1_intrawave_v1,399.47,2137.45,0.0
gfx950,256,104,6144,512,ck,17,0,4.7657,a8w8_blockscale_bpreshuffle_1x128x128_256x64x64x256_16x16_16x16_16x16x1_16x16x1_1x32x1x8_8_2x1_intrawave_v1,137.3,939.41,0.0
gfx950,256,104,6144,1536,asm,0,1,9.3115,_ZN5aiter42fp8gemm_bf16_blockscale_BpreShuffle_32x128E,210.81,1167.9,0.0
gfx950,256,104,6144,2048,ck,12,0,9.8897,a8w8_blockscale_bpreshuffle_1x128x128_256x32x64x256_16x16_16x16_16x16x1_16x16x1_1x32x1x8_8_2x1_intrawave_v1,264.64,1423.08,0.0
gfx950,256,104,6144,3072,ck,12,0,12.6864,a8w8_blockscale_bpreshuffle_1x128x128_256x32x64x256_16x16_16x16_16x16x1_16x16x1_1x32x1x8_8_2x1_intrawave_v1,309.45,1613.68,0.0
gfx950,256,104,6144,4096,ck,12,0,15.6209,a8w8_blockscale_bpreshuffle_1x128x128_256x32x64x256_16x16_16x16_16x16x1_16x16x1_1x32x1x8_8_2x1_intrawave_v1,335.1,1720.12,0.0
gfx950,256,104,6144,6144,ck,12,0,21.8892,a8w8_blockscale_bpreshuffle_1x128x128_256x32x64x256_16x16_16x16_16x16x1_16x16x1_1x32x1x8_8_2x1_intrawave_v1,358.7,1812.11,0.0
gfx950,256,104,6144,12288,ck,12,0,41.0347,a8w8_blockscale_bpreshuffle_1x128x128_256x32x64x256_16x16_16x16_16x16x1_16x16x1_1x32x1x8_8_2x1_intrawave_v1,382.69,1902.13,0.0
gfx950,256,104,6144,16384,ck,12,0,52.7365,a8w8_blockscale_bpreshuffle_1x128x128_256x32x64x256_16x16_16x16_16x16x1_16x16x1_1x32x1x8_8_2x1_intrawave_v1,397.03,1965.34,0.0
gfx950,256,108,6144,512,ck,6,0,5.1339,a8w8_blockscale_bpreshuffle_1x128x128_256x16x128x256_16x16_16x16_16x16x1_16x16x1_1x16x1x16_8_1x2_intrawave_v1,132.35,882.01,0.0
gfx950,256,108,6144,1536,ck,7,0,8.5507,a8w8_blockscale_bpreshuffle_1x128x128_256x16x64x256_16x16_16x16_16x16x1_16x16x1_1x16x1x16_4_1x1_intrawave_v1,238.39,1278.28,0.0
gfx950,256,108,6144,2048,ck,7,0,9.7734,a8w8_blockscale_bpreshuffle_1x128x128_256x16x64x256_16x16_16x16_16x16x1_16x16x1_1x16x1x16_4_1x1_intrawave_v1,278.09,1445.88,0.0
gfx950,256,108,6144,3072,ck,12,0,12.7393,a8w8_blockscale_bpreshuffle_1x128x128_256x32x64x256_16x16_16x16_16x16x1_16x16x1_1x32x1x8_8_2x1_intrawave_v1,320.02,1611.8,0.0
gfx950,256,108,6144,4096,ck,12,0,15.7302,a8w8_blockscale_bpreshuffle_1x128x128_256x32x64x256_16x16_16x16_16x16x1_16x16x1_1x32x1x8_8_2x1_intrawave_v1,345.57,1712.33,0.0
gfx950,256,108,6144,6144,ck,12,0,21.9866,a8w8_blockscale_bpreshuffle_1x128x128_256x32x64x256_16x16_16x16_16x16x1_16x16x1_1x32x1x8_8_2x1_intrawave_v1,370.85,1807.44,0.0
gfx950,256,108,6144,12288,ck,12,0,41.26,a8w8_blockscale_bpreshuffle_1x128x128_256x32x64x256_16x16_16x16_16x16x1_16x16x1_1x32x1x8_8_2x1_intrawave_v1,395.24,1894.13,0.0
gfx950,256,108,6144,16384,ck,12,0,53.3786,a8w8_blockscale_bpreshuffle_1x128x128_256x32x64x256_16x16_16x16_16x16x1_16x16x1_1x32x1x8_8_2x1_intrawave_v1,407.34,1943.85,0.0
gfx950,256,112,6144,512,ck,6,0,5.0674,a8w8_blockscale_bpreshuffle_1x128x128_256x16x128x256_16x16_16x16_16x16x1_16x16x1_1x16x1x16_8_1x2_intrawave_v1,139.05,903.68,0.0
gfx950,256,112,6144,1536,asm,0,1,9.1611,_ZN5aiter42fp8gemm_bf16_blockscale_BpreShuffle_32x128E,230.75,1199.14,0.0
gfx950,256,112,6144,2048,ck,7,0,9.7561,a8w8_blockscale_bpreshuffle_1x128x128_256x16x64x256_16x16_16x16_16x16x1_16x16x1_1x16x1x16_4_1x1_intrawave_v1,288.9,1454.33,0.0
gfx950,256,112,6144,3072,ck,12,0,12.796,a8w8_blockscale_bpreshuffle_1x128x128_256x32x64x256_16x16_16x16_16x16x1_16x16x1_1x32x1x8_8_2x1_intrawave_v1,330.4,1609.46,0.0
gfx950,256,112,6144,4096,ck,12,0,15.7613,a8w8_blockscale_bpreshuffle_1x128x128_256x32x64x256_16x16_16x16_16x16x1_16x16x1_1x32x1x8_8_2x1_intrawave_v1,357.66,1713.11,0.0
gfx950,256,112,6144,6144,ck,12,0,22.1122,a8w8_blockscale_bpreshuffle_1x128x128_256x32x64x256_16x16_16x16_16x16x1_16x16x1_1x32x1x8_8_2x1_intrawave_v1,382.4,1800.5,0.0
gfx950,256,112,6144,12288,ck,12,0,41.3814,a8w8_blockscale_bpreshuffle_1x128x128_256x32x64x256_16x16_16x16_16x16x1_16x16x1_1x32x1x8_8_2x1_intrawave_v1,408.67,1890.95,0.0
gfx950,256,112,6144,16384,ck,12,0,53.447,a8w8_blockscale_bpreshuffle_1x128x128_256x32x64x256_16x16_16x16_16x16x1_16x16x1_1x32x1x8_8_2x1_intrawave_v1,421.89,1943.51,0.0
gfx950,256,114,6144,512,ck,7,0,5.0466,a8w8_blockscale_bpreshuffle_1x128x128_256x16x64x256_16x16_16x16_16x16x1_16x16x1_1x16x1x16_4_1x1_intrawave_v1,142.12,912.48,0.0
gfx950,256,114,6144,1536,ck,12,0,9.2087,a8w8_blockscale_bpreshuffle_1x128x128_256x32x64x256_16x16_16x16_16x16x1_16x16x1_1x32x1x8_8_2x1_intrawave_v1,233.66,1195.95,0.0
gfx950,256,114,6144,2048,ck,12,0,10.2583,a8w8_blockscale_bpreshuffle_1x128x128_256x32x64x256_16x16_16x16_16x16x1_16x16x1_1x32x1x8_8_2x1_intrawave_v1,279.67,1385.92,0.0
gfx950,256,114,6144,3072,ck,12,0,12.8318,a8w8_blockscale_bpreshuffle_1x128x128_256x32x64x256_16x16_16x16_16x16x1_16x16x1_1x32x1x8_8_2x1_intrawave_v1,335.37,1607.37,0.0
gfx950,256,114,6144,4096,ck,12,0,15.7213,a8w8_blockscale_bpreshuffle_1x128x128_256x32x64x256_16x16_16x16_16x16x1_16x16x1_1x32x1x8_8_2x1_intrawave_v1,364.97,1719.55,0.0
gfx950,256,114,6144,6144,ck,12,0,22.1605,a8w8_blockscale_bpreshuffle_1x128x128_256x32x64x256_16x16_16x16_16x16x1_16x16x1_1x32x1x8_8_2x1_intrawave_v1,388.38,1798.24,0.0
gfx950,256,114,6144,12288,ck,12,0,41.3544,a8w8_blockscale_bpreshuffle_1x128x128_256x32x64x256_16x16_16x16_16x16x1_16x16x1_1x32x1x8_8_2x1_intrawave_v1,416.24,1893.37,0.0
gfx950,256,114,6144,16384,ck,12,0,53.8115,a8w8_blockscale_bpreshuffle_1x128x128_256x32x64x256_16x16_16x16_16x16x1_16x16x1_1x32x1x8_8_2x1_intrawave_v1,426.51,1931.41,0.0
gfx950,256,120,6144,512,ck,7,0,4.739,a8w8_blockscale_bpreshuffle_1x128x128_256x16x64x256_16x16_16x16_16x16x1_16x16x1_1x16x1x16_4_1x1_intrawave_v1,159.31,987.91,0.0
gfx950,256,120,6144,1536,asm,0,1,9.4897,_ZN5aiter42fp8gemm_bf16_blockscale_BpreShuffle_32x128E,238.67,1169.27,0.0
gfx950,256,120,6144,2048,ck,12,0,9.7394,a8w8_blockscale_bpreshuffle_1x128x128_256x32x64x256_16x16_16x16_16x16x1_16x16x1_1x32x1x8_8_2x1_intrawave_v1,310.07,1468.59,0.0
gfx950,256,120,6144,3072,ck,12,0,12.8978,a8w8_blockscale_bpreshuffle_1x128x128_256x32x64x256_16x16_16x16_16x16x1_16x16x1_1x32x1x8_8_2x1_intrawave_v1,351.21,1606.29,0.0
gfx950,256,120,6144,4096,ck,12,0,15.9139,a8w8_blockscale_bpreshuffle_1x128x128_256x32x64x256_16x16_16x16_16x16x1_16x16x1_1x32x1x8_8_2x1_intrawave_v1,379.53,1704.92,0.0
gfx950,256,120,6144,6144,ck,12,0,22.5741,a8w8_blockscale_bpreshuffle_1x128x128_256x32x64x256_16x16_16x16_16x16x1_16x16x1_1x32x1x8_8_2x1_intrawave_v1,401.33,1770.2,0.0
gfx950,256,120,6144,12288,ck,12,0,41.7664,a8w8_blockscale_bpreshuffle_1x128x128_256x32x64x256_16x16_16x16_16x16x1_16x16x1_1x32x1x8_8_2x1_intrawave_v1,433.83,1878.22,0.0
gfx950,256,120,6144,16384,ck,12,0,54.1662,a8w8_blockscale_bpreshuffle_1x128x128_256x32x64x256_16x16_16x16_16x16x1_16x16x1_1x32x1x8_8_2x1_intrawave_v1,446.02,1921.94,0.0
gfx950,256,128,6144,512,ck,7,0,4.6719,a8w8_blockscale_bpreshuffle_1x128x128_256x16x64x256_16x16_16x16_16x16x1_16x16x1_1x16x1x16_4_1x1_intrawave_v1,172.37,1024.02,0.0
gfx950,256,128,6144,1536,asm,0,1,9.3671,_ZN5aiter42fp8gemm_bf16_blockscale_BpreShuffle_32x128E,257.92,1196.38,0.0
gfx950,256,128,6144,2048,ck,11,0,9.6696,a8w8_blockscale_bpreshuffle_1x128x128_256x32x128x256_16x16_16x16_16x16x1_16x16x1_1x32x1x8_8_2x1_intrawave_v1,333.13,1491.06,0.0
gfx950,256,128,6144,3072,ck,17,0,11.6351,a8w8_blockscale_bpreshuffle_1x128x128_256x64x64x256_16x16_16x16_16x16x1_16x16x1_1x32x1x8_8_2x1_intrawave_v1,415.28,1791.17,0.0112
gfx950,256,128,6144,4096,ck,17,0,14.1822,a8w8_blockscale_bpreshuffle_1x128x128_256x64x64x256_16x16_16x16_16x16x1_16x16x1_1x32x1x8_8_2x1_intrawave_v1,454.26,1922.34,0.0105
gfx950,256,128,6144,6144,ck,17,0,19.4643,a8w8_blockscale_bpreshuffle_1x128x128_256x64x64x256_16x16_16x16_16x16x1_16x16x1_1x32x1x8_8_2x1_intrawave_v1,496.48,2060.59,0.0111
gfx950,256,128,6144,12288,ck,17,0,36.1493,a8w8_blockscale_bpreshuffle_1x128x128_256x64x64x256_16x16_16x16_16x16x1_16x16x1_1x32x1x8_8_2x1_intrawave_v1,534.65,2175.51,0.0054
gfx950,256,128,6144,16384,ck,17,0,45.4655,a8w8_blockscale_bpreshuffle_1x128x128_256x64x64x256_16x16_16x16_16x16x1_16x16x1_1x32x1x8_8_2x1_intrawave_v1,566.8,2294.78,0.0042
gfx950,256,132,6144,512,ck,12,0,5.3958,a8w8_blockscale_bpreshuffle_1x128x128_256x32x64x256_16x16_16x16_16x16x1_16x16x1_1x32x1x8_8_2x1_intrawave_v1,153.91,896.13,0.0
gfx950,256,132,6144,1536,asm,0,1,9.194,_ZN5aiter42fp8gemm_bf16_blockscale_BpreShuffle_32x128E,270.98,1224.92,0.0
gfx950,256,132,6144,2048,ck,12,0,10.2721,a8w8_blockscale_bpreshuffle_1x128x128_256x32x64x256_16x16_16x16_16x16x1_16x16x1_1x32x1x8_8_2x1_intrawave_v1,323.39,1409.18,0.0
gfx950,256,132,6144,3072,ck,12,0,13.2674,a8w8_blockscale_bpreshuffle_1x128x128_256x32x64x256_16x16_16x16_16x16x1_16x16x1_1x32x1x8_8_2x1_intrawave_v1,375.57,1575.43,0.0
gfx950,256,132,6144,4096,ck,12,0,16.5569,a8w8_blockscale_bpreshuffle_1x128x128_256x32x64x256_16x16_16x16_16x16x1_16x16x1_1x32x1x8_8_2x1_intrawave_v1,401.27,1650.58,0.0
gfx950,256,132,6144,6144,ck,12,0,22.8741,a8w8_blockscale_bpreshuffle_1x128x128_256x32x64x256_16x16_16x16_16x16x1_16x16x1_1x32x1x8_8_2x1_intrawave_v1,435.67,1756.65,0.0
gfx950,256,132,6144,12288,ck,12,0,43.1235,a8w8_blockscale_bpreshuffle_1x128x128_256x32x64x256_16x16_16x16_16x16x1_16x16x1_1x32x1x8_8_2x1_intrawave_v1,462.19,1825.95,0.0
gfx950,256,132,6144,16384,asm,0,1,53.5403,_ZN5aiter42fp8gemm_bf16_blockscale_BpreShuffle_32x128E,496.36,1950.83,0.0
gfx950,256,138,6144,512,ck,12,0,4.9321,a8w8_blockscale_bpreshuffle_1x128x128_256x32x64x256_16x16_16x16_16x16x1_16x16x1_1x32x1x8_8_2x1_intrawave_v1,176.03,995.95,0.0
gfx950,256,138,6144,1536,ck,12,0,8.5431,a8w8_blockscale_bpreshuffle_1x128x128_256x32x64x256_16x16_16x16_16x16x1_16x16x1_1x32x1x8_8_2x1_intrawave_v1,304.88,1327.96,0.0
gfx950,256,138,6144,2048,ck,12,0,9.7087,a8w8_blockscale_bpreshuffle_1x128x128_256x32x64x256_16x16_16x16_16x16x1_16x16x1_1x32x1x8_8_2x1_intrawave_v1,357.71,1499.82,0.0
gfx950,256,138,6144,3072,ck,12,0,13.2324,a8w8_blockscale_bpreshuffle_1x128x128_256x32x64x256_16x16_16x16_16x16x1_16x16x1_1x32x1x8_8_2x1_intrawave_v1,393.68,1586.56,0.0
gfx950,256,138,6144,4096,ck,12,0,16.4676,a8w8_blockscale_bpreshuffle_1x128x128_256x32x64x256_16x16_16x16_16x16x1_16x16x1_1x32x1x8_8_2x1_intrawave_v1,421.78,1665.5,0.0
gfx950,256,138,6144,6144,ck,12,0,22.7064,a8w8_blockscale_bpreshuffle_1x128x128_256x32x64x256_16x16_16x16_16x16x1_16x16x1_1x32x1x8_8_2x1_intrawave_v1,458.84,1774.49,0.0
gfx950,256,138,6144,12288,ck,12,0,44.2673,a8w8_blockscale_bpreshuffle_1x128x128_256x32x64x256_16x16_16x16_16x16x1_16x16x1_1x32x1x8_8_2x1_intrawave_v1,470.72,1782.1,0.0
gfx950,256,138,6144,16384,asm,0,1,55.7211,_ZN5aiter42fp8gemm_bf16_blockscale_BpreShuffle_32x128E,498.61,1877.57,0.0
gfx950,256,144,6144,512,ck,12,0,4.929,a8w8_blockscale_bpreshuffle_1x128x128_256x32x64x256_16x16_16x16_16x16x1_16x16x1_1x32x1x8_8_2x1_intrawave_v1,183.8,1012.16,0.0
gfx950,256,144,6144,1536,asm,0,1,9.2484,_ZN5aiter42fp8gemm_bf16_blockscale_BpreShuffle_32x128E,293.88,1235.66,0.0
gfx950,256,144,6144,2048,ck,12,0,9.8005,a8w8_blockscale_bpreshuffle_1x128x128_256x32x64x256_16x16_16x16_16x16x1_16x16x1_1x32x1x8_8_2x1_intrawave_v1,369.76,1494.55,0.0
gfx950,256,144,6144,3072,ck,12,0,13.2173,a8w8_blockscale_bpreshuffle_1x128x128_256x32x64x256_16x16_16x16_16x16x1_16x16x1_1x32x1x8_8_2x1_intrawave_v1,411.27,1595.35,0.0
gfx950,256,144,6144,4096,ck,12,0,16.92,a8w8_blockscale_bpreshuffle_1x128x128_256x32x64x256_16x16_16x16_16x16x1_16x16x1_1x32x1x8_8_2x1_intrawave_v1,428.35,1626.78,0.0
gfx950,256,144,6144,6144,ck,12,0,22.7437,a8w8_blockscale_bpreshuffle_1x128x128_256x32x64x256_16x16_16x16_16x16x1_16x16x1_1x32x1x8_8_2x1_intrawave_v1,478.01,1776.45,0.0
gfx950,256,144,6144,12288,ck,12,0,43.0685,a8w8_blockscale_bpreshuffle_1x128x128_256x32x64x256_16x16_16x16_16x16x1_16x16x1_1x32x1x8_8_2x1_intrawave_v1,504.85,1835.13,0.0
gfx950,256,144,6144,16384,asm,0,1,54.1009,_ZN5aiter42fp8gemm_bf16_blockscale_BpreShuffle_32x128E,535.87,1936.97,0.0
gfx950,256,156,6144,512,ck,12,0,5.3786,a8w8_blockscale_bpreshuffle_1x128x128_256x32x64x256_16x16_16x16_16x16x1_16x16x1_1x32x1x8_8_2x1_intrawave_v1,182.48,956.11,0.0
gfx950,256,156,6144,1536,asm,0,1,8.8524,_ZN5aiter42fp8gemm_bf16_blockscale_BpreShuffle_32x128E,332.61,1309.67,0.0
gfx950,256,156,6144,2048,ck,12,0,10.1574,a8w8_blockscale_bpreshuffle_1x128x128_256x32x64x256_16x16_16x16_16x16x1_16x16x1_1x32x1x8_8_2x1_intrawave_v1,386.5,1458.97,0.0
gfx950,256,156,6144,3072,ck,12,0,13.3242,a8w8_blockscale_bpreshuffle_1x128x128_256x32x64x256_16x16_16x16_16x16x1_16x16x1_1x32x1x8_8_2x1_intrawave_v1,441.96,1596.38,0.0
gfx950,256,156,6144,4096,ck,12,0,17.089,a8w8_blockscale_bpreshuffle_1x128x128_256x32x64x256_16x16_16x16_16x16x1_16x16x1_1x32x1x8_8_2x1_intrawave_v1,459.46,1622.2,0.0
gfx950,256,156,6144,6144,ck,12,0,22.9932,a8w8_blockscale_bpreshuffle_1x128x128_256x32x64x256_16x16_16x16_16x16x1_16x16x1_1x32x1x8_8_2x1_intrawave_v1,512.22,1766.79,0.0
gfx950,256,156,6144,12288,ck,12,0,44.2059,a8w8_blockscale_bpreshuffle_1x128x128_256x32x64x256_16x16_16x16_16x16x1_16x16x1_1x32x1x8_8_2x1_intrawave_v1,532.85,1794.59,0.0
gfx950,256,156,6144,16384,asm,0,1,54.5117,_ZN5aiter42fp8gemm_bf16_blockscale_BpreShuffle_32x128E,576.15,1928.69,0.0
gfx950,256,162,6144,512,ck,12,0,5.8512,a8w8_blockscale_bpreshuffle_1x128x128_256x32x64x256_16x16_16x16_16x16x1_16x16x1_1x32x1x8_8_2x1_intrawave_v1,174.19,892.01,0.0
gfx950,256,162,6144,1536,asm,1,1,9.8001,_ZN5aiter42fp8gemm_bf16_blockscale_BpreShuffle_48x128E,312.0,1191.48,0.0
gfx950,256,162,6144,2048,asm,1,1,10.9837,_ZN5aiter42fp8gemm_bf16_blockscale_BpreShuffle_48x128E,371.17,1357.04,0.0
gfx950,256,162,6144,3072,asm,1,1,14.2543,_ZN5aiter42fp8gemm_bf16_blockscale_BpreShuffle_48x128E,429.01,1498.68,0.0
gfx950,256,162,6144,4096,asm,1,1,17.8213,_ZN5aiter42fp8gemm_bf16_blockscale_BpreShuffle_48x128E,457.53,1561.06,0.0
gfx950,256,162,6144,6144,asm,1,1,25.0558,_ZN5aiter42fp8gemm_bf16_blockscale_BpreShuffle_48x128E,488.13,1625.76,0.0
gfx950,256,162,6144,12288,asm,1,1,46.2955,_ZN5aiter42fp8gemm_bf16_blockscale_BpreShuffle_48x128E,528.37,1716.77,0.0
gfx950,256,162,6144,16384,asm,1,1,57.1554,_ZN5aiter42fp8gemm_bf16_blockscale_BpreShuffle_48x128E,570.64,1842.49,0.0
gfx950,256,168,6144,512,ck,12,0,5.5074,a8w8_blockscale_bpreshuffle_1x128x128_256x32x64x256_16x16_16x16_16x16x1_16x16x1_1x32x1x8_8_2x1_intrawave_v1,191.92,961.64,0.0
gfx950,256,168,6144,1536,asm,1,1,9.9149,_ZN5aiter42fp8gemm_bf16_blockscale_BpreShuffle_48x128E,319.81,1186.05,0.0
gfx950,256,168,6144,2048,asm,1,1,11.2194,_ZN5aiter42fp8gemm_bf16_blockscale_BpreShuffle_48x128E,376.83,1336.2,0.0
gfx950,256,168,6144,3072,asm,1,1,14.4719,_ZN5aiter42fp8gemm_bf16_blockscale_BpreShuffle_48x128E,438.21,1482.52,0.0
gfx950,256,168,6144,4096,asm,1,1,17.8413,_ZN5aiter42fp8gemm_bf16_blockscale_BpreShuffle_48x128E,473.94,1564.82,0.0
gfx950,256,168,6144,6144,asm,1,1,25.2401,_ZN5aiter42fp8gemm_bf16_blockscale_BpreShuffle_48x128E,502.52,1618.27,0.0
gfx950,256,168,6144,12288,asm,1,1,45.8129,_ZN5aiter42fp8gemm_bf16_blockscale_BpreShuffle_48x128E,553.71,1738.07,0.0
gfx950,256,168,6144,16384,asm,1,1,57.6867,_ZN5aiter42fp8gemm_bf16_blockscale_BpreShuffle_48x128E,586.32,1828.5,0.0
gfx950,256,180,6144,512,ck,12,0,5.5908,a8w8_blockscale_bpreshuffle_1x128x128_256x32x64x256_16x16_16x16_16x16x1_16x16x1_1x32x1x8_8_2x1_intrawave_v1,202.56,974.77,0.0
gfx950,256,180,6144,1536,asm,1,1,9.9848,_ZN5aiter42fp8gemm_bf16_blockscale_BpreShuffle_48x128E,340.26,1194.37,0.0
gfx950,256,180,6144,2048,asm,1,1,11.0376,_ZN5aiter42fp8gemm_bf16_blockscale_BpreShuffle_48x128E,410.4,1373.79,0.0
gfx950,256,180,6144,3072,asm,1,1,14.3991,_ZN5aiter42fp8gemm_bf16_blockscale_BpreShuffle_48x128E,471.89,1502.81,0.0
gfx950,256,180,6144,4096,asm,1,1,18.1121,_ZN5aiter42fp8gemm_bf16_blockscale_BpreShuffle_48x128E,500.2,1552.27,0.0
gfx950,256,180,6144,6144,asm,1,1,24.9979,_ZN5aiter42fp8gemm_bf16_blockscale_BpreShuffle_48x128E,543.63,1642.8,0.0
gfx950,256,180,6144,12288,asm,1,1,45.7337,_ZN5aiter42fp8gemm_bf16_blockscale_BpreShuffle_48x128E,594.29,1747.53,0.0
gfx950,256,180,6144,16384,asm,1,1,57.035,_ZN5aiter42fp8gemm_bf16_blockscale_BpreShuffle_48x128E,635.38,1855.43,0.0
gfx950,256,186,6144,512,ck,12,0,5.9116,a8w8_blockscale_bpreshuffle_1x128x128_256x32x64x256_16x16_16x16_16x16x1_16x16x1_1x32x1x8_8_2x1_intrawave_v1,197.95,934.86,0.0
gfx950,256,186,6144,1536,asm,1,1,10.0428,_ZN5aiter42fp8gemm_bf16_blockscale_BpreShuffle_48x128E,349.57,1195.73,0.0
gfx950,256,186,6144,2048,asm,1,1,11.413,_ZN5aiter42fp8gemm_bf16_blockscale_BpreShuffle_48x128E,410.13,1336.14,0.0
gfx950,256,186,6144,3072,asm,1,1,14.5987,_ZN5aiter42fp8gemm_bf16_blockscale_BpreShuffle_48x128E,480.95,1488.58,0.0
gfx950,256,186,6144,4096,asm,1,1,18.2922,_ZN5aiter42fp8gemm_bf16_blockscale_BpreShuffle_48x128E,511.79,1542.36,0.0
gfx950,256,186,6144,6144,asm,1,1,25.4285,_ZN5aiter42fp8gemm_bf16_blockscale_BpreShuffle_48x128E,552.24,1619.33,0.0
gfx950,256,186,6144,12288,asm,1,1,45.8769,_ZN5aiter42fp8gemm_bf16_blockscale_BpreShuffle_48x128E,612.18,1745.29,0.0
gfx950,256,186,6144,16384,asm,1,1,56.9384,_ZN5aiter42fp8gemm_bf16_blockscale_BpreShuffle_48x128E,657.67,1861.6,0.0
gfx950,256,192,6144,512,ck,12,0,5.4956,a8w8_blockscale_bpreshuffle_1x128x128_256x32x64x256_16x16_16x16_16x16x1_16x16x1_1x32x1x8_8_2x1_intrawave_v1,219.8,1019.6,0.0
gfx950,256,192,6144,1536,asm,1,1,9.5266,_ZN5aiter42fp8gemm_bf16_blockscale_BpreShuffle_48x128E,380.4,1269.22,0.0
gfx950,256,192,6144,2048,asm,1,1,11.2063,_ZN5aiter42fp8gemm_bf16_blockscale_BpreShuffle_48x128E,431.17,1368.46,0.0
gfx950,256,192,6144,3072,asm,1,1,14.3755,_ZN5aiter42fp8gemm_bf16_blockscale_BpreShuffle_48x128E,504.17,1518.1,0.0
gfx950,256,192,6144,4096,asm,1,1,18.0344,_ZN5aiter42fp8gemm_bf16_blockscale_BpreShuffle_48x128E,535.85,1569.86,0.0
gfx950,256,192,6144,6144,asm,1,1,25.2715,_ZN5aiter42fp8gemm_bf16_blockscale_BpreShuffle_48x128E,573.59,1633.76,0.0
gfx950,256,192,6144,12288,asm,1,1,46.5641,_ZN5aiter42fp8gemm_bf16_blockscale_BpreShuffle_48x128E,622.6,1722.7,0.0
gfx950,256,192,6144,16384,asm,1,1,57.2086,_ZN5aiter42fp8gemm_bf16_blockscale_BpreShuffle_48x128E,675.68,1855.81,0.0
gfx950,256,1024,6144,512,ck,14,0,11.4118,a8w8_blockscale_bpreshuffle_1x128x128_256x64x128x128_16x16_16x16_8x32x1_8x32x1_1x32x1x8_8_2x1_intrawave_v1,564.54,1424.22,0.0
gfx950,256,1024,6144,1536,ck,14,0,20.1748,a8w8_blockscale_bpreshuffle_1x128x128_256x64x128x128_16x16_16x16_8x32x1_8x32x1_1x32x1x8_8_2x1_intrawave_v1,957.99,1169.43,0.0
gfx950,256,1024,6144,2048,ck,14,0,24.5064,a8w8_blockscale_bpreshuffle_1x128x128_256x64x128x128_16x16_16x16_8x32x1_8x32x1_1x32x1x8_8_2x1_intrawave_v1,1051.55,1112.48,0.0
gfx950,256,1024,6144,3072,ck,14,0,33.4186,a8w8_blockscale_bpreshuffle_1x128x128_256x64x128x128_16x16_16x16_8x32x1_8x32x1_1x32x1x8_8_2x1_intrawave_v1,1156.68,1035.44,0.0
gfx950,256,1024,6144,4096,ck,14,0,41.7721,a8w8_blockscale_bpreshuffle_1x128x128_256x64x128x128_16x16_16x16_8x32x1_8x32x1_1x32x1x8_8_2x1_intrawave_v1,1233.83,1004.09,0.0
gfx950,256,1024,6144,6144,ck,14,0,63.366,a8w8_blockscale_bpreshuffle_1x128x128_256x64x128x128_16x16_16x16_8x32x1_8x32x1_1x32x1x8_8_2x1_intrawave_v1,1220.05,893.59,0.0
gfx950,256,1024,6144,12288,ck,14,0,115.264,a8w8_blockscale_bpreshuffle_1x128x128_256x64x128x128_16x16_16x16_8x32x1_8x32x1_1x32x1x8_8_2x1_intrawave_v1,1341.43,873.33,0.0
gfx950,256,1024,6144,16384,ck,1,0,143.7867,a8w8_blockscale_bpreshuffle_1x128x128_256x64x128x128_16x16_16x16_8x32x1_8x32x1_1x32x1x8_8_2x1_intrawave_v3,1433.78,904.28,0.0
gfx950,256,1536,6144,512,ck,14,0,15.2144,a8w8_blockscale_bpreshuffle_1x128x128_256x64x128x128_16x16_16x16_8x32x1_8x32x1_1x32x1x8_8_2x1_intrawave_v1,635.17,1499.01,0.0
gfx950,256,1536,6144,1536,ck,14,0,28.0356,a8w8_blockscale_bpreshuffle_1x128x128_256x64x128x128_16x16_16x16_8x32x1_8x32x1_1x32x1x8_8_2x1_intrawave_v1,1034.08,1094.0,0.0
gfx950,256,1536,6144,2048,ck,1,0,34.5288,a8w8_blockscale_bpreshuffle_1x128x128_256x64x128x128_16x16_16x16_8x32x1_8x32x1_1x32x1x8_8_2x1_intrawave_v3,1119.49,1002.15,0.0
gfx950,256,1536,6144,3072,cktile,27,0,46.4756,a8w8_blockscale_cktile_192x256x128_4x2x1_16x16x128_intrawave_0x1x0_2,1247.58,913.76,0.0
gfx950,256,1536,6144,4096,cktile,27,0,56.2037,a8w8_blockscale_cktile_192x256x128_4x2x1_16x16x128_intrawave_0x1x0_2,1375.52,895.52,0.0
gfx950,256,1536,6144,6144,cktile,27,0,75.7929,a8w8_blockscale_cktile_192x256x128_4x2x1_16x16x128_intrawave_0x1x0_2,1530.01,871.59,0.0
gfx950,256,1536,6144,12288,cktile,28,0,135.1348,a8w8_blockscale_cktile_192x256x128_4x2x1_16x16x128_intrawave_0x1x0_3,1716.27,838.02,0.0
gfx950,256,1536,6144,16384,cktile,28,0,174.9661,a8w8_blockscale_cktile_192x256x128_4x2x1_16x16x128_intrawave_0x1x0_3,1767.41,827.04,0.0
gfx950,256,2048,6144,512,ck,14,0,20.5979,a8w8_blockscale_bpreshuffle_1x128x128_256x64x128x128_16x16_16x16_8x32x1_8x32x1_1x32x1x8_8_2x1_intrawave_v1,625.54,1425.39,0.0
gfx950,256,2048,6144,1536,ck,13,0,36.5153,a8w8_blockscale_bpreshuffle_1x128x128_256x64x256x128_16x16_16x16_8x32x1_8x32x1_1x32x1x8_8_2x1_intrawave_v1,1058.59,1033.78,0.0
gfx950,256,2048,6144,2048,ck,13,0,42.8053,a8w8_blockscale_bpreshuffle_1x128x128_256x64x256x128_16x16_16x16_8x32x1_8x32x1_1x32x1x8_8_2x1_intrawave_v1,1204.05,979.86,0.0
gfx950,256,2048,6144,3072,ck,13,0,58.613,a8w8_blockscale_bpreshuffle_1x128x128_256x64x256x128_16x16_16x16_8x32x1_8x32x1_1x32x1x8_8_2x1_intrawave_v1,1318.98,858.71,0.0
gfx950,256,2048,6144,4096,ck,13,0,75.0404,a8w8_blockscale_bpreshuffle_1x128x128_256x64x256x128_16x16_16x16_8x32x1_8x32x1_1x32x1x8_8_2x1_intrawave_v1,1373.65,782.52,0.0
gfx950,256,2048,6144,6144,ck,13,0,103.0122,a8w8_blockscale_bpreshuffle_1x128x128_256x64x256x128_16x16_16x16_8x32x1_8x32x1_1x32x1x8_8_2x1_intrawave_v1,1500.98,732.9,0.0
gfx950,256,2048,6144,12288,ck,13,0,191.2322,a8w8_blockscale_bpreshuffle_1x128x128_256x64x256x128_16x16_16x16_8x32x1_8x32x1_1x32x1x8_8_2x1_intrawave_v1,1617.08,657.99,0.0
gfx950,256,2048,6144,16384,ck,0,0,241.7042,a8w8_blockscale_bpreshuffle_1x128x128_256x128x128x128_16x16_16x16_8x32x1_8x32x1_1x32x1x8_8_2x1_intrawave_v3,1705.87,659.42,0.0
gfx950,256,3072,6144,512,ck,14,0,25.3444,a8w8_blockscale_bpreshuffle_1x128x128_256x64x128x128_16x16_16x16_8x32x1_8x32x1_1x32x1x8_8_2x1_intrawave_v1,762.59,1675.61,0.0
gfx950,256,3072,6144,1536,ck,13,0,48.814,a8w8_blockscale_bpreshuffle_1x128x128_256x64x256x128_16x16_16x16_8x32x1_8x32x1_1x32x1x8_8_2x1_intrawave_v1,1187.82,1063.31,0.0
gfx950,256,3072,6144,2048,ck,13,0,60.2919,a8w8_blockscale_bpreshuffle_1x128x128_256x64x256x128_16x16_16x16_8x32x1_8x32x1_1x32x1x8_8_2x1_intrawave_v1,1282.25,939.15,0.0
gfx950,256,3072,6144,3072,ck,13,0,82.2141,a8w8_blockscale_bpreshuffle_1x128x128_256x64x256x128_16x16_16x16_8x32x1_8x32x1_1x32x1x8_8_2x1_intrawave_v1,1410.51,803.52,0.0
gfx950,256,3072,6144,4096,ck,13,0,103.537,a8w8_blockscale_bpreshuffle_1x128x128_256x64x256x128_16x16_16x16_8x32x1_8x32x1_1x32x1x8_8_2x1_intrawave_v1,1493.37,729.18,0.0
gfx950,256,3072,6144,6144,ck,13,0,147.6757,a8w8_blockscale_bpreshuffle_1x128x128_256x64x256x128_16x16_16x16_8x32x1_8x32x1_1x32x1x8_8_2x1_intrawave_v1,1570.52,639.05,0.0
gfx950,256,3072,6144,12288,cktile,28,0,267.0437,a8w8_blockscale_cktile_192x256x128_4x2x1_16x16x128_intrawave_0x1x0_3,1737.01,565.43,0.0
gfx950,256,3072,6144,16384,cktile,27,0,343.763,a8w8_blockscale_cktile_192x256x128_4x2x1_16x16x128_intrawave_0x1x0_2,1799.13,549.05,0.0
gfx950,256,4096,6144,512,ck,14,0,34.2441,a8w8_blockscale_bpreshuffle_1x128x128_256x64x128x128_16x16_16x16_8x32x1_8x32x1_1x32x1x8_8_2x1_intrawave_v1,752.53,1622.89,0.0
gfx950,256,4096,6144,1536,ck,13,0,63.2995,a8w8_blockscale_bpreshuffle_1x128x128_256x64x256x128_16x16_16x16_8x32x1_8x32x1_1x32x1x8_8_2x1_intrawave_v1,1221.33,1043.61,0.0
gfx950,256,4096,6144,2048,ck,13,0,75.9384,a8w8_blockscale_bpreshuffle_1x128x128_256x64x256x128_16x16_16x16_8x32x1_8x32x1_1x32x1x8_8_2x1_intrawave_v1,1357.41,938.96,0.0
gfx950,256,4096,6144,3072,ck,13,0,103.7851,a8w8_blockscale_bpreshuffle_1x128x128_256x64x256x128_16x16_16x16_8x32x1_8x32x1_1x32x1x8_8_2x1_intrawave_v1,1489.8,788.06,0.0
gfx950,256,4096,6144,4096,ck,13,0,129.5572,a8w8_blockscale_bpreshuffle_1x128x128_256x64x256x128_16x16_16x16_8x32x1_8x32x1_1x32x1x8_8_2x1_intrawave_v1,1591.25,712.23,0.0
gfx950,256,4096,6144,6144,ck,13,0,182.6425,a8w8_blockscale_bpreshuffle_1x128x128_256x64x256x128_16x16_16x16_8x32x1_8x32x1_1x32x1x8_8_2x1_intrawave_v1,1693.13,620.04,0.0
gfx950,256,4096,6144,12288,ck,13,0,340.3819,a8w8_blockscale_bpreshuffle_1x128x128_256x64x256x128_16x16_16x16_8x32x1_8x32x1_1x32x1x8_8_2x1_intrawave_v1,1817.0,517.54,0.0
gfx950,256,4096,6144,16384,ck,0,0,444.1555,a8w8_blockscale_bpreshuffle_1x128x128_256x128x128x128_16x16_16x16_8x32x1_8x32x1_1x32x1x8_8_2x1_intrawave_v3,1856.63,491.05,0.0
gfx950,256,5120,6144,512,ck,14,0,39.2313,a8w8_blockscale_bpreshuffle_1x128x128_256x64x128x128_16x16_16x16_8x32x1_8x32x1_1x32x1x8_8_2x1_intrawave_v1,821.09,1750.69,0.0
gfx950,256,5120,6144,1536,ck,13,0,76.6356,a8w8_blockscale_bpreshuffle_1x128x128_256x64x256x128_16x16_16x16_8x32x1_8x32x1_1x32x1x8_8_2x1_intrawave_v1,1260.99,1046.72,0.0
gfx950,256,5120,6144,2048,ck,13,0,92.7005,a8w8_blockscale_bpreshuffle_1x128x128_256x64x256x128_16x16_16x16_8x32x1_8x32x1_1x32x1x8_8_2x1_intrawave_v1,1389.95,927.54,0.0
gfx950,256,5120,6144,3072,ck,13,0,126.0257,a8w8_blockscale_bpreshuffle_1x128x128_256x64x256x128_16x16_16x16_8x32x1_8x32x1_1x32x1x8_8_2x1_intrawave_v1,1533.6,773.79,0.0
gfx950,256,5120,6144,4096,ck,13,0,161.1711,a8w8_blockscale_bpreshuffle_1x128x128_256x64x256x128_16x16_16x16_8x32x1_8x32x1_1x32x1x8_8_2x1_intrawave_v1,1598.91,676.62,0.0
gfx950,256,5120,6144,6144,cktile,11,0,223.9048,a8w8_blockscale_cktile_192x256x128_4x2x1_16x16x128_intrawave_0x1x0_1,1726.39,590.07,0.0
gfx950,256,5120,6144,12288,cktile,29,0,397.5452,a8w8_blockscale_cktile_192x256x128_4x2x1_16x16x128_intrawave_0x1x0_4,1944.67,506.42,0.0
gfx950,256,5120,6144,16384,cktile,29,0,510.1833,a8w8_blockscale_cktile_192x256x128_4x2x1_16x16x128_intrawave_0x1x0_4,2020.43,485.05,0.0
gfx950,256,6144,6144,512,ck,14,0,47.993,a8w8_blockscale_bpreshuffle_1x128x128_256x64x128x128_16x16_16x16_8x32x1_8x32x1_1x32x1x8_8_2x1_intrawave_v1,805.42,1704.18,0.0
gfx950,256,6144,6144,1536,ck,13,0,88.9194,a8w8_blockscale_bpreshuffle_1x128x128_256x64x256x128_16x16_16x16_8x32x1_8x32x1_1x32x1x8_8_2x1_intrawave_v1,1304.15,1061.32,0.0
gfx950,256,6144,6144,2048,cktile,29,0,109.8866,a8w8_blockscale_cktile_192x256x128_4x2x1_16x16x128_intrawave_0x1x0_4,1407.08,916.07,0.0
gfx950,256,6144,6144,3072,cktile,29,0,140.9958,a8w8_blockscale_cktile_192x256x128_4x2x1_16x16x128_intrawave_0x1x0_4,1644.93,803.19,0.0
gfx950,256,6144,6144,4096,cktile,29,0,170.7144,a8w8_blockscale_cktile_192x256x128_4x2x1_16x16x128_intrawave_0x1x0_4,1811.43,737.07,0.0
gfx950,256,6144,6144,6144,cktile,29,0,231.5369,a8w8_blockscale_cktile_192x256x128_4x2x1_16x16x128_intrawave_0x1x0_4,2003.38,652.14,0.0
gfx950,256,6144,6144,12288,cktile,29,0,414.7024,a8w8_blockscale_cktile_192x256x128_4x2x1_16x16x128_intrawave_0x1x0_4,2237.06,546.16,0.0
gfx950,256,6144,6144,16384,cktile,28,0,523.6411,a8w8_blockscale_cktile_192x256x128_4x2x1_16x16x128_intrawave_0x1x0_3,2362.21,528.65,0.0
gfx950,256,8192,6144,512,ck,14,0,61.5727,a8w8_blockscale_bpreshuffle_1x128x128_256x64x128x128_16x16_16x16_8x32x1_8x32x1_1x32x1x8_8_2x1_intrawave_v1,837.05,1754.08,0.0
gfx950,256,8192,6144,1536,ck,13,0,115.5108,a8w8_blockscale_bpreshuffle_1x128x128_256x64x256x128_16x16_16x16_8x32x1_8x32x1_1x32x1x8_8_2x1_intrawave_v1,1338.57,1062.09,0.0
gfx950,256,8192,6144,2048,ck,13,0,139.1641,a8w8_blockscale_bpreshuffle_1x128x128_256x64x256x128_16x16_16x16_8x32x1_8x32x1_1x32x1x8_8_2x1_intrawave_v1,1481.41,934.32,0.0
gfx950,256,8192,6144,3072,ck,13,0,189.8042,a8w8_blockscale_bpreshuffle_1x128x128_256x64x256x128_16x16_16x16_8x32x1_8x32x1_1x32x1x8_8_2x1_intrawave_v1,1629.25,762.38,0.0
gfx950,256,8192,6144,4096,cktile,27,0,233.7646,a8w8_blockscale_cktile_192x256x128_4x2x1_16x16x128_intrawave_0x1x0_2,1763.81,681.81,0.0
gfx950,256,8192,6144,6144,cktile,11,0,313.8472,a8w8_blockscale_cktile_192x256x128_4x2x1_16x16x128_intrawave_0x1x0_1,1970.63,601.39,0.0
gfx950,256,8192,6144,12288,cktile,29,0,555.0479,a8w8_blockscale_cktile_192x256x128_4x2x1_16x16x128_intrawave_0x1x0_4,2228.55,498.74,0.0
gfx950,256,8192,6144,16384,cktile,29,0,733.9434,a8w8_blockscale_cktile_192x256x128_4x2x1_16x16x128_intrawave_0x1x0_4,2247.13,457.18,0.0
gfx950,256,2,16384,2048,ck,6,0,10.2219,a8w8_blockscale_bpreshuffle_1x128x128_256x16x128x256_16x16_16x16_16x16x1_16x16x1_1x16x1x16_8_1x2_intrawave_v1,13.13,3289.41,0.0
gfx950,256,4,16384,2048,ck,7,0,9.6446,a8w8_blockscale_bpreshuffle_1x128x128_256x16x64x256_16x16_16x16_16x16x1_16x16x1_1x16x1x16_4_1x1_intrawave_v1,27.83,3493.53,0.0
gfx950,256,6,16384,2048,ck,12,0,9.9986,a8w8_blockscale_bpreshuffle_1x128x128_256x32x64x256_16x16_16x16_16x16x1_16x16x1_1x32x1x8_8_2x1_intrawave_v1,40.27,3376.81,0.0
gfx950,256,8,16384,2048,ck,12,0,9.7374,a8w8_blockscale_bpreshuffle_1x128x128_256x32x64x256_16x16_16x16_16x16x1_16x16x1_1x32x1x8_8_2x1_intrawave_v1,55.13,3474.54,0.0
gfx950,256,12,16384,2048,ck,12,0,9.7608,a8w8_blockscale_bpreshuffle_1x128x128_256x32x64x256_16x16_16x16_16x16x1_16x16x1_1x32x1x8_8_2x1_intrawave_v1,82.5,3480.48,0.0
gfx950,256,16,16384,2048,ck,7,0,9.2463,a8w8_blockscale_bpreshuffle_1x128x128_256x16x64x256_16x16_16x16_16x16x1_16x16x1_1x16x1x16_4_1x1_intrawave_v1,116.13,3689.2,0.0
gfx950,256,18,16384,2048,ck,6,0,9.6165,a8w8_blockscale_bpreshuffle_1x128x128_256x16x128x256_16x16_16x16_16x16x1_16x16x1_1x16x1x16_8_1x2_intrawave_v1,125.61,3554.42,0.0
gfx950,256,24,16384,2048,ck,12,0,9.9053,a8w8_blockscale_bpreshuffle_1x128x128_256x32x64x256_16x16_16x16_16x16x1_16x16x1_1x32x1x8_8_2x1_intrawave_v1,162.6,3471.88,0.0
gfx950,256,32,16384,2048,ck,7,0,10.0275,a8w8_blockscale_bpreshuffle_1x128x128_256x16x64x256_16x16_16x16_16x16x1_16x16x1_1x16x1x16_4_1x1_intrawave_v1,214.16,3457.35,0.0
gfx950,256,36,16384,2048,ck,12,0,11.3956,a8w8_blockscale_bpreshuffle_1x128x128_256x32x64x256_16x16_16x16_16x16x1_16x16x1_1x32x1x8_8_2x1_intrawave_v1,212.0,3054.5,0.0
gfx950,256,40,16384,2048,ck,12,0,11.3261,a8w8_blockscale_bpreshuffle_1x128x128_256x32x64x256_16x16_16x16_16x16x1_16x16x1_1x32x1x8_8_2x1_intrawave_v1,237.01,3085.53,0.0
gfx950,256,42,16384,2048,ck,12,0,11.5726,a8w8_blockscale_bpreshuffle_1x128x128_256x32x64x256_16x16_16x16_16x16x1_16x16x1_1x32x1x8_8_2x1_intrawave_v1,243.56,3025.83,0.0
gfx950,256,48,16384,2048,ck,12,0,11.5767,a8w8_blockscale_bpreshuffle_1x128x128_256x32x64x256_16x16_16x16_16x16x1_16x16x1_1x32x1x8_8_2x1_intrawave_v1,278.25,3042.8,0.0
gfx950,256,56,16384,2048,ck,9,0,11.8578,a8w8_blockscale_bpreshuffle_1x128x128_256x32x128x128_16x16_16x16_8x32x1_8x32x1_1x32x1x8_8_2x1_intrawave_v1,316.93,2994.16,0.0
gfx950,256,60,16384,2048,ck,12,0,11.823,a8w8_blockscale_bpreshuffle_1x128x128_256x32x64x256_16x16_16x16_16x16x1_16x16x1_1x32x1x8_8_2x1_intrawave_v1,340.57,3014.75,0.0
gfx950,256,64,16384,2048,ck,17,0,10.349,a8w8_blockscale_bpreshuffle_1x128x128_256x64x64x256_16x16_16x16_16x16x1_16x16x1_1x32x1x8_8_2x1_intrawave_v1,415.01,3457.6,0.0121
gfx950,256,66,16384,2048,ck,10,0,13.2542,a8w8_blockscale_bpreshuffle_1x128x128_256x32x64x128_16x16_16x16_8x32x1_8x32x1_1x32x1x8_8_2x1_intrawave_v1,334.17,2704.98,0.0223
gfx950,256,72,16384,2048,ck,10,0,13.3952,a8w8_blockscale_bpreshuffle_1x128x128_256x32x64x128_16x16_16x16_8x32x1_8x32x1_1x32x1x8_8_2x1_intrawave_v1,360.71,2692.1,0.0202
gfx950,256,80,16384,2048,ck,10,0,13.6048,a8w8_blockscale_bpreshuffle_1x128x128_256x32x64x128_16x16_16x16_8x32x1_8x32x1_1x32x1x8_8_2x1_intrawave_v1,394.62,2671.09,0.0186
gfx950,256,84,16384,2048,ck,10,0,13.6198,a8w8_blockscale_bpreshuffle_1x128x128_256x32x64x128_16x16_16x16_8x32x1_8x32x1_1x32x1x8_8_2x1_intrawave_v1,413.89,2678.38,0.0199
gfx950,256,88,16384,2048,ck,10,0,13.7343,a8w8_blockscale_bpreshuffle_1x128x128_256x32x64x128_16x16_16x16_8x32x1_8x32x1_1x32x1x8_8_2x1_intrawave_v1,429.99,2666.19,0.0207
gfx950,256,90,16384,2048,ck,10,0,13.7841,a8w8_blockscale_bpreshuffle_1x128x128_256x32x64x128_16x16_16x16_8x32x1_8x32x1_1x32x1x8_8_2x1_intrawave_v1,438.17,2661.61,0.0214
gfx950,256,96,16384,2048,ck,10,0,13.8061,a8w8_blockscale_bpreshuffle_1x128x128_256x32x64x128_16x16_16x16_8x32x1_8x32x1_1x32x1x8_8_2x1_intrawave_v1,466.64,2672.5,0.0219
gfx950,256,104,16384,2048,asm,2,1,14.3961,_ZN5aiter42fp8gemm_bf16_blockscale_BpreShuffle_64x128E,484.81,2582.32,0.0
gfx950,256,108,16384,2048,asm,2,1,14.6574,_ZN5aiter42fp8gemm_bf16_blockscale_BpreShuffle_64x128E,494.48,2545.78,0.0
gfx950,256,112,16384,2048,asm,2,1,14.7345,_ZN5aiter42fp8gemm_bf16_blockscale_BpreShuffle_64x128E,510.11,2541.91,0.0
gfx950,256,114,16384,2048,asm,2,1,14.4336,_ZN5aiter42fp8gemm_bf16_blockscale_BpreShuffle_64x128E,530.04,2599.73,0.0
gfx950,256,120,16384,2048,asm,2,1,14.4672,_ZN5aiter42fp8gemm_bf16_blockscale_BpreShuffle_64x128E,556.64,2608.13,0.0
gfx950,256,128,16384,2048,ck,16,0,13.4119,a8w8_blockscale_bpreshuffle_1x128x128_256x64x128x256_16x16_16x16_16x16x1_16x16x1_1x32x1x8_8_2x1_intrawave_v1,640.47,2834.12,0.006
gfx950,256,132,16384,2048,asm,3,1,15.3691,_ZN5aiter42fp8gemm_bf16_blockscale_BpreShuffle_80x128E,576.38,2482.26,0.0
gfx950,256,138,16384,2048,asm,3,1,15.5366,_ZN5aiter42fp8gemm_bf16_blockscale_BpreShuffle_80x128E,596.08,2468.95,0.0
gfx950,256,144,16384,2048,asm,3,1,15.1014,_ZN5aiter42fp8gemm_bf16_blockscale_BpreShuffle_80x128E,639.92,2553.93,0.0
gfx950,256,156,16384,2048,asm,3,1,15.3558,_ZN5aiter42fp8gemm_bf16_blockscale_BpreShuffle_80x128E,681.76,2538.83,0.0
gfx950,256,162,16384,2048,asm,4,1,16.3315,_ZN5aiter42fp8gemm_bf16_blockscale_BpreShuffle_96x128E,665.69,2399.94,0.0
gfx950,256,168,16384,2048,asm,4,1,16.023,_ZN5aiter42fp8gemm_bf16_blockscale_BpreShuffle_96x128E,703.63,2459.18,0.0
gfx950,256,180,16384,2048,asm,4,1,16.7902,_ZN5aiter42fp8gemm_bf16_blockscale_BpreShuffle_96x128E,719.44,2371.7,0.0
gfx950,256,186,16384,2048,asm,4,1,16.2073,_ZN5aiter42fp8gemm_bf16_blockscale_BpreShuffle_96x128E,770.16,2469.89,0.0
gfx950,256,192,16384,2048,asm,4,1,16.8268,_ZN5aiter42fp8gemm_bf16_blockscale_BpreShuffle_96x128E,765.74,2391.37,0.0
gfx950,256,1024,16384,2048,ck,0,0,57.0284,a8w8_blockscale_bpreshuffle_1x128x128_256x128x128x128_16x16_16x16_8x32x1_8x32x1_1x32x1x8_8_2x1_intrawave_v3,1205.0,1213.54,0.0
gfx950,256,1536,16384,2048,ck,13,0,74.1688,a8w8_blockscale_bpreshuffle_1x128x128_256x64x256x128_16x16_16x16_8x32x1_8x32x1_1x32x1x8_8_2x1_intrawave_v1,1389.79,1173.43,0.0
gfx950,256,2048,16384,2048,ck,13,0,101.7598,a8w8_blockscale_bpreshuffle_1x128x128_256x64x256x128_16x16_16x16_8x32x1_8x32x1_1x32x1x8_8_2x1_intrawave_v1,1350.62,1030.44,0.0
gfx950,256,3072,16384,2048,ck,13,0,139.7713,a8w8_blockscale_bpreshuffle_1x128x128_256x64x256x128_16x16_16x16_8x32x1_8x32x1_1x32x1x8_8_2x1_intrawave_v1,1474.97,1005.28,0.0
gfx950,256,4096,16384,2048,ck,13,0,185.1657,a8w8_blockscale_bpreshuffle_1x128x128_256x64x256x128_16x16_16x16_8x32x1_8x32x1_1x32x1x8_8_2x1_intrawave_v1,1484.5,951.37,0.0
gfx950,256,5120,16384,2048,ck,13,0,222.507,a8w8_blockscale_bpreshuffle_1x128x128_256x64x256x128_16x16_16x16_8x32x1_8x32x1_1x32x1x8_8_2x1_intrawave_v1,1544.21,951.94,0.0
gfx950,256,6144,16384,2048,ck,13,0,260.1103,a8w8_blockscale_bpreshuffle_1x128x128_256x64x256x128_16x16_16x16_8x32x1_8x32x1_1x32x1x8_8_2x1_intrawave_v1,1585.16,951.38,0.0
gfx950,256,8192,16384,2048,ck,13,0,345.0561,a8w8_blockscale_bpreshuffle_1x128x128_256x64x256x128_16x16_16x16_8x32x1_8x32x1_1x32x1x8_8_2x1_intrawave_v1,1593.24,923.81,0.0
gfx950,256,2,24576,6144,ck,7,0,26.7245,a8w8_blockscale_bpreshuffle_1x128x128_256x16x64x256_16x16_16x16_16x16x1_16x16x1_1x16x1x16_4_1x1_intrawave_v1,22.6,5654.2,0.0
gfx950,256,4,24576,6144,ck,7,0,26.7772,a8w8_blockscale_bpreshuffle_1x128x128_256x16x64x256_16x16_16x16_16x16x1_16x16x1_1x16x1x16_4_1x1_intrawave_v1,45.11,5647.2,0.0
gfx950,256,6,24576,6144,ck,7,0,26.8016,a8w8_blockscale_bpreshuffle_1x128x128_256x16x64x256_16x16_16x16_16x16x1_16x16x1_1x16x1x16_4_1x1_intrawave_v1,67.61,5646.18,0.0
gfx950,256,8,24576,6144,ck,7,0,26.9584,a8w8_blockscale_bpreshuffle_1x128x128_256x16x64x256_16x16_16x16_16x16x1_16x16x1_1x16x1x16_4_1x1_intrawave_v1,89.62,5617.44,0.0
gfx950,256,12,24576,6144,ck,7,0,27.1052,a8w8_blockscale_bpreshuffle_1x128x128_256x16x64x256_16x16_16x16_16x16x1_16x16x1_1x16x1x16_4_1x1_intrawave_v1,133.7,5595.18,0.0
gfx950,256,16,24576,6144,ck,6,0,27.3209,a8w8_blockscale_bpreshuffle_1x128x128_256x16x128x256_16x16_16x16_16x16x1_16x16x1_1x16x1x16_8_1x2_intrawave_v1,176.86,5559.1,0.0
gfx950,256,18,24576,6144,ck,12,0,27.8254,a8w8_blockscale_bpreshuffle_1x128x128_256x32x64x256_16x16_16x16_16x16x1_16x16x1_1x32x1x8_8_2x1_intrawave_v1,195.35,5462.29,0.0
gfx950,256,24,24576,6144,ck,12,0,28.2239,a8w8_blockscale_bpreshuffle_1x128x128_256x32x64x256_16x16_16x16_16x16x1_16x16x1_1x32x1x8_8_2x1_intrawave_v1,256.8,5396.92,0.0
gfx950,256,32,24576,6144,ck,11,0,29.2102,a8w8_blockscale_bpreshuffle_1x128x128_256x32x128x256_16x16_16x16_16x16x1_16x16x1_1x32x1x8_8_2x1_intrawave_v1,330.83,5229.83,0.0
gfx950,256,36,24576,6144,asm,1,1,33.2897,_ZN5aiter42fp8gemm_bf16_blockscale_BpreShuffle_48x128E,326.58,4595.58,0.0
gfx950,256,40,24576,6144,asm,1,1,33.0665,_ZN5aiter42fp8gemm_bf16_blockscale_BpreShuffle_48x128E,365.31,4633.29,0.0
gfx950,256,42,24576,6144,asm,1,1,32.7517,_ZN5aiter42fp8gemm_bf16_blockscale_BpreShuffle_48x128E,387.26,4681.2,0.0
gfx950,256,48,24576,6144,asm,1,1,33.2961,_ZN5aiter42fp8gemm_bf16_blockscale_BpreShuffle_48x128E,435.35,4614.63,0.0
gfx950,256,56,24576,6144,asm,2,1,35.1618,_ZN5aiter42fp8gemm_bf16_blockscale_BpreShuffle_64x128E,480.96,4382.36,0.0
gfx950,256,60,24576,6144,asm,2,1,34.9057,_ZN5aiter42fp8gemm_bf16_blockscale_BpreShuffle_64x128E,519.1,4420.85,0.0
gfx950,256,64,24576,6144,ck,16,0,34.1058,a8w8_blockscale_bpreshuffle_1x128x128_256x64x128x256_16x16_16x16_16x16x1_16x16x1_1x32x1x8_8_2x1_intrawave_v1,566.69,4531.01,0.0045
gfx950,256,66,24576,6144,asm,3,1,35.5893,_ZN5aiter42fp8gemm_bf16_blockscale_BpreShuffle_80x128E,560.04,4345.25,0.0
gfx950,256,72,24576,6144,asm,3,1,35.8789,_ZN5aiter42fp8gemm_bf16_blockscale_BpreShuffle_80x128E,606.02,4319.43,0.0
gfx950,256,80,24576,6144,asm,3,1,36.8089,_ZN5aiter42fp8gemm_bf16_blockscale_BpreShuffle_80x128E,656.34,4222.31,0.0
gfx950,256,84,24576,6144,asm,4,1,37.4053,_ZN5aiter42fp8gemm_bf16_blockscale_BpreShuffle_96x128E,678.17,4160.9,0.0
gfx950,256,88,24576,6144,asm,4,1,39.6038,_ZN5aiter42fp8gemm_bf16_blockscale_BpreShuffle_96x128E,671.02,3935.51,0.0
gfx950,256,90,24576,6144,asm,4,1,38.4405,_ZN5aiter42fp8gemm_bf16_blockscale_BpreShuffle_96x128E,707.04,4057.48,0.0
gfx950,256,96,24576,6144,asm,4,1,39.4893,_ZN5aiter42fp8gemm_bf16_blockscale_BpreShuffle_96x128E,734.15,3958.12,0.0
gfx950,256,104,24576,6144,asm,5,1,42.8913,_ZN5aiter43fp8gemm_bf16_blockscale_BpreShuffle_128x128E,732.25,3654.49,0.0
gfx950,256,108,24576,6144,asm,5,1,43.5541,_ZN5aiter43fp8gemm_bf16_blockscale_BpreShuffle_128x128E,748.84,3603.95,0.0
gfx950,256,112,24576,6144,asm,5,1,43.2959,_ZN5aiter43fp8gemm_bf16_blockscale_BpreShuffle_128x128E,781.2,3630.55,0.0
gfx950,256,114,24576,6144,asm,5,1,43.7278,_ZN5aiter43fp8gemm_bf16_blockscale_BpreShuffle_128x128E,787.3,3597.22,0.0
gfx950,256,120,24576,6144,asm,5,1,44.277,_ZN5aiter43fp8gemm_bf16_blockscale_BpreShuffle_128x128E,818.46,3560.1,0.0
gfx950,256,128,24576,6144,asm,5,1,45.5524,_ZN5aiter43fp8gemm_bf16_blockscale_BpreShuffle_128x128E,848.58,3470.13,0.0
gfx950,256,132,24576,6144,asm,3,1,57.2127,_ZN5aiter42fp8gemm_bf16_blockscale_BpreShuffle_80x128E,696.75,2766.76,0.0
gfx950,256,138,24576,6144,asm,3,1,56.5643,_ZN5aiter42fp8gemm_bf16_blockscale_BpreShuffle_80x128E,736.77,2804.34,0.0
gfx950,256,144,24576,6144,asm,3,1,57.1045,_ZN5aiter42fp8gemm_bf16_blockscale_BpreShuffle_80x128E,761.53,2783.63,0.0
gfx950,256,156,24576,6144,asm,3,1,59.2231,_ZN5aiter42fp8gemm_bf16_blockscale_BpreShuffle_80x128E,795.47,2695.25,0.0
gfx950,256,162,24576,6144,asm,4,1,62.6827,_ZN5aiter42fp8gemm_bf16_blockscale_BpreShuffle_96x128E,780.48,2551.79,0.0
gfx950,256,168,24576,6144,ck,1,0,63.7745,a8w8_blockscale_bpreshuffle_1x128x128_256x64x128x128_16x16_16x16_8x32x1_8x32x1_1x32x1x8_8_2x1_intrawave_v3,795.53,2513.3,0.0
gfx950,256,180,24576,6144,asm,4,1,63.7926,_ZN5aiter42fp8gemm_bf16_blockscale_BpreShuffle_96x128E,852.11,2522.99,0.0
gfx950,256,186,24576,6144,asm,4,1,64.4795,_ZN5aiter42fp8gemm_bf16_blockscale_BpreShuffle_96x128E,871.13,2501.26,0.0
gfx950,256,192,24576,6144,ck,1,0,62.0868,a8w8_blockscale_bpreshuffle_1x128x128_256x64x128x128_16x16_16x16_8x32x1_8x32x1_1x32x1x8_8_2x1_intrawave_v3,933.89,2603.0,0.0
gfx950,256,1024,24576,6144,ck,13,0,190.795,a8w8_blockscale_bpreshuffle_1x128x128_256x64x256x128_16x16_16x16_8x32x1_8x32x1_1x32x1x8_8_2x1_intrawave_v1,1620.78,1088.17,0.0
gfx950,256,1536,24576,6144,cktile,29,0,229.7989,a8w8_blockscale_cktile_192x256x128_4x2x1_16x16x128_intrawave_0x1x0_4,2018.53,1026.68,0.0
gfx950,256,2048,24576,6144,cktile,11,0,319.5245,a8w8_blockscale_cktile_192x256x128_4x2x1_16x16x128_intrawave_0x1x0_1,1935.61,826.98,0.0
gfx950,256,3072,24576,6144,cktile,11,0,459.7805,a8w8_blockscale_cktile_192x256x128_4x2x1_16x16x128_intrawave_0x1x0_1,2017.73,697.86,0.0
gfx950,256,4096,24576,6144,cktile,27,0,610.37,a8w8_blockscale_cktile_192x256x128_4x2x1_16x16x128_intrawave_0x1x0_2,2026.56,618.46,0.0
gfx950,256,5120,24576,6144,cktile,28,0,758.415,a8w8_blockscale_cktile_192x256x128_4x2x1_16x16x128_intrawave_0x1x0_3,2038.71,572.39,0.0
gfx950,256,6144,24576,6144,cktile,27,0,889.9397,a8w8_blockscale_cktile_192x256x128_4x2x1_16x16x128_intrawave_0x1x0_2,2084.89,551.42,0.0
gfx950,256,8192,24576,6144,cktile,27,0,1187.0038,a8w8_blockscale_cktile_192x256x128_4x2x1_16x16x128_intrawave_0x1x0_2,2084.16,508.83,0.0
